,year,month,area,type,kw
0,2016,1,1,1,11811823
1,2016,1,1,2,34215184
2,2016,1,1,3,3759564
3,2016,1,1,4,2776636
4,2016,1,1,5,94134
5,2016,1,1,6,816692
6,2016,1,1,7,2593204
7,2016,1,1,0,56067237
8,2016,1,2,1,36944476
9,2016,1,2,2,69834557
10,2016,1,2,3,2103281
11,2016,1,2,4,25819524
12,2016,1,2,5,564911
13,2016,1,2,6,1483390
14,2016,1,2,7,3089653
15,2016,1,2,0,139839792
16,2016,1,3,1,51696943
17,2016,1,3,2,64305707
18,2016,1,3,3,12693269
19,2016,1,3,4,60258763
20,2016,1,3,5,2300967
21,2016,1,3,6,1761033
22,2016,1,3,7,4997918
23,2016,1,3,0,198014600
24,2016,1,4,1,46283682
25,2016,1,4,2,60835385
26,2016,1,4,3,5475943
27,2016,1,4,4,169541501
28,2016,1,4,5,5696033
29,2016,1,4,6,2589946
30,2016,1,4,7,4388462
31,2016,1,4,0,294810952
32,2016,1,5,1,26572798
33,2016,1,5,2,26660545
34,2016,1,5,3,3060481
35,2016,1,5,4,2799847
36,2016,1,5,5,1129021
37,2016,1,5,6,1191017
38,2016,1,5,7,3287838
39,2016,1,5,0,64701547
40,2017,1,1,1,11824845
41,2017,1,1,2,34066226
42,2017,1,1,3,3878211
43,2017,1,1,4,2833936
44,2017,1,1,5,103130
45,2017,1,1,6,795384
46,2017,1,1,7,2317024
47,2017,1,1,0,55818756
48,2017,1,2,1,37837141
49,2017,1,2,2,70266433
50,2017,1,2,3,2127242
51,2017,1,2,4,25046380
52,2017,1,2,5,545664
53,2017,1,2,6,1366371
54,2017,1,2,7,2901320
55,2017,1,2,0,140090551
56,2017,1,3,1,51469894
57,2017,1,3,2,65845945
58,2017,1,3,3,12971611
59,2017,1,3,4,60210155
60,2017,1,3,5,2360858
61,2017,1,3,6,1725743
62,2017,1,3,7,4974142
63,2017,1,3,0,199558348
64,2017,1,4,1,46612815
65,2017,1,4,2,64162776
66,2017,1,4,3,5654848
67,2017,1,4,4,174719192
68,2017,1,4,5,5604302
69,2017,1,4,6,2744314
70,2017,1,4,7,3919020
71,2017,1,4,0,303417267
72,2017,1,5,1,26486572
73,2017,1,5,2,27216572
74,2017,1,5,3,3149128
75,2017,1,5,4,3957607
76,2017,1,5,5,1153321
77,2017,1,5,6,1198724
78,2017,1,5,7,3038759
79,2017,1,5,0,66200683
80,2018,1,1,1,12565515
81,2018,1,1,2,37254635
82,2018,1,1,3,4175925
83,2018,1,1,4,2931267
84,2018,1,1,5,105784
85,2018,1,1,6,823865
86,2018,1,1,7,2313651
87,2018,1,1,0,60170642
88,2018,1,2,1,38700591
89,2018,1,2,2,75379678
90,2018,1,2,3,2568928
91,2018,1,2,4,26017500
92,2018,1,2,5,655175
93,2018,1,2,6,1358066
94,2018,1,2,7,2769867
95,2018,1,2,0,147449805
96,2018,1,3,1,54027518
97,2018,1,3,2,70422158
98,2018,1,3,3,14609186
99,2018,1,3,4,62603271
100,2018,1,3,5,2434390
101,2018,1,3,6,1746679
102,2018,1,3,7,5129609
103,2018,1,3,0,210972811
104,2018,1,4,1,48366452
105,2018,1,4,2,72018321
106,2018,1,4,3,6829289
107,2018,1,4,4,179231872
108,2018,1,4,5,5966909
109,2018,1,4,6,2597929
110,2018,1,4,7,4029971
111,2018,1,4,0,319040743
112,2018,1,5,1,27218423
113,2018,1,5,2,29778400
114,2018,1,5,3,3626487
115,2018,1,5,4,3931994
116,2018,1,5,5,1061988
117,2018,1,5,6,1170082
118,2018,1,5,7,3114542
119,2018,1,5,0,69901916
120,2019,1,1,1,12864698
121,2019,1,1,2,36211775
122,2019,1,1,3,4292302
123,2019,1,1,4,2937203
124,2019,1,1,5,113896
125,2019,1,1,6,848202
126,2019,1,1,7,2063574
127,2019,1,1,0,59331650
128,2019,1,2,1,38850249
129,2019,1,2,2,73219779
130,2019,1,2,3,2627317
131,2019,1,2,4,26792049
132,2019,1,2,5,714670
133,2019,1,2,6,1342289
134,2019,1,2,7,2308675
135,2019,1,2,0,145855028
136,2019,1,3,1,54087757
137,2019,1,3,2,68737572
138,2019,1,3,3,18473225
139,2019,1,3,4,61083213
140,2019,1,3,5,2427510
141,2019,1,3,6,1934471
142,2019,1,3,7,4696724
143,2019,1,3,0,211440472
144,2019,1,4,1,49335741
145,2019,1,4,2,70389750
146,2019,1,4,3,6741847
147,2019,1,4,4,176730544
148,2019,1,4,5,6108046
149,2019,1,4,6,2660449
150,2019,1,4,7,3610824
151,2019,1,4,0,315577201
152,2019,1,5,1,27375503
153,2019,1,5,2,29032545
154,2019,1,5,3,3738919
155,2019,1,5,4,3674385
156,2019,1,5,5,1268730
157,2019,1,5,6,1206303
158,2019,1,5,7,2972558
159,2019,1,5,0,69268943
160,2020,1,1,1,13516503
161,2020,1,1,2,33575642
162,2020,1,1,3,3862139
163,2020,1,1,4,2797600
164,2020,1,1,5,102226
165,2020,1,1,6,826337
166,2020,1,1,7,1715580
167,2020,1,1,0,56396027
168,2020,1,2,1,38497380
169,2020,1,2,2,70599285
170,2020,1,2,3,2447088
171,2020,1,2,4,24651183
172,2020,1,2,5,595565
173,2020,1,2,6,1329620
174,2020,1,2,7,2080784
175,2020,1,2,0,140200905
176,2020,1,3,1,54116088
177,2020,1,3,2,67445792
178,2020,1,3,3,13430311
179,2020,1,3,4,57741039
180,2020,1,3,5,2456485
181,2020,1,3,6,1999100
182,2020,1,3,7,3951470
183,2020,1,3,0,201140285
184,2020,1,4,1,50194530
185,2020,1,4,2,69250034
186,2020,1,4,3,6150568
187,2020,1,4,4,153988196
188,2020,1,4,5,5753046
189,2020,1,4,6,2762613
190,2020,1,4,7,3183625
191,2020,1,4,0,291282612
192,2020,1,5,1,27750038
193,2020,1,5,2,28452684
194,2020,1,5,3,3414870
195,2020,1,5,4,3087453
196,2020,1,5,5,1125692
197,2020,1,5,6,1184554
198,2020,1,5,7,2496577
199,2020,1,5,0,67511868
200,2021,1,1,1,15703732
201,2021,1,1,2,34485010
202,2021,1,1,3,4099511
203,2021,1,1,4,3081336
204,2021,1,1,5,105532
205,2021,1,1,6,871893
206,2021,1,1,7,1672579
207,2021,1,1,0,60019593
208,2021,1,2,1,41217755
209,2021,1,2,2,72750443
210,2021,1,2,3,2766255
211,2021,1,2,4,26999861
212,2021,1,2,5,589279
213,2021,1,2,6,1263873
214,2021,1,2,7,2057760
215,2021,1,2,0,147645226
216,2021,1,3,1,58988120
217,2021,1,3,2,69610415
218,2021,1,3,3,15035409
219,2021,1,3,4,60836748
220,2021,1,3,5,2668034
221,2021,1,3,6,1917620
222,2021,1,3,7,4052348
223,2021,1,3,0,213108694
224,2021,1,4,1,54968286
225,2021,1,4,2,72084207
226,2021,1,4,3,6657102
227,2021,1,4,4,173642738
228,2021,1,4,5,6512071
229,2021,1,4,6,2629917
230,2021,1,4,7,3104941
231,2021,1,4,0,319599262
232,2021,1,5,1,30046932
233,2021,1,5,2,29534847
234,2021,1,5,3,3797217
235,2021,1,5,4,3156371
236,2021,1,5,5,1273789
237,2021,1,5,6,1201799
238,2021,1,5,7,2480687
239,2021,1,5,0,71491642
240,2022,1,1,1,15798183
241,2022,1,1,2,35175736
242,2022,1,1,3,3990595
243,2022,1,1,4,3340624
244,2022,1,1,5,163059
245,2022,1,1,6,849941
246,2022,1,1,7,1503993
247,2022,1,1,0,60822131
248,2022,1,2,1,39825334
249,2022,1,2,2,73907051
250,2022,1,2,3,2791548
251,2022,1,2,4,26982772
252,2022,1,2,5,536877
253,2022,1,2,6,1229769
254,2022,1,2,7,1906425
255,2022,1,2,0,147179776
256,2022,1,3,1,57965336
257,2022,1,3,2,71266862
258,2022,1,3,3,15312383
259,2022,1,3,4,61042366
260,2022,1,3,5,2654096
261,2022,1,3,6,1827598
262,2022,1,3,7,3667243
263,2022,1,3,0,213735884
264,2022,1,4,1,54307677
265,2022,1,4,2,75111211
266,2022,1,4,3,6862868
267,2022,1,4,4,183027209
268,2022,1,4,5,6459733
269,2022,1,4,6,2701664
270,2022,1,4,7,2765486
271,2022,1,4,0,331235848
272,2022,1,5,1,29860567
273,2022,1,5,2,30547507
274,2022,1,5,3,3914402
275,2022,1,5,4,3845966
276,2022,1,5,5,1291574
277,2022,1,5,6,1162161
278,2022,1,5,7,2287030
279,2022,1,5,0,72909207
280,2016,2,1,1,12091956
281,2016,2,1,2,35017786
282,2016,2,1,3,3826297
283,2016,2,1,4,2750732
284,2016,2,1,5,98113
285,2016,2,1,6,766940
286,2016,2,1,7,2832587
287,2016,2,1,0,57384411
288,2016,2,2,1,38051496
289,2016,2,2,2,72251281
290,2016,2,2,3,2084485
291,2016,2,2,4,24299379
292,2016,2,2,5,648007
293,2016,2,2,6,1398042
294,2016,2,2,7,3419162
295,2016,2,2,0,142151852
296,2016,2,3,1,52907654
297,2016,2,3,2,66788996
298,2016,2,3,3,11908488
299,2016,2,3,4,56640341
300,2016,2,3,5,2558787
301,2016,2,3,6,1628737
302,2016,2,3,7,5466706
303,2016,2,3,0,197899709
304,2016,2,4,1,47400209
305,2016,2,4,2,63857786
306,2016,2,4,3,5450472
307,2016,2,4,4,163148238
308,2016,2,4,5,6507567
309,2016,2,4,6,2522992
310,2016,2,4,7,4773525
311,2016,2,4,0,293660789
312,2016,2,5,1,27053212
313,2016,2,5,2,26821820
314,2016,2,5,3,3142504
315,2016,2,5,4,2848254
316,2016,2,5,5,1270687
317,2016,2,5,6,1118820
318,2016,2,5,7,3590767
319,2016,2,5,0,65846064
320,2017,2,1,1,12093717
321,2017,2,1,2,34559482
322,2017,2,1,3,3685544
323,2017,2,1,4,2664659
324,2017,2,1,5,118395
325,2017,2,1,6,732245
326,2017,2,1,7,2520542
327,2017,2,1,0,56374584
328,2017,2,2,1,38453497
329,2017,2,2,2,72187139
330,2017,2,2,3,2000887
331,2017,2,2,4,25951272
332,2017,2,2,5,656270
333,2017,2,2,6,1266128
334,2017,2,2,7,3067149
335,2017,2,2,0,143582342
336,2017,2,3,1,52245734
337,2017,2,3,2,67547613
338,2017,2,3,3,12211896
339,2017,2,3,4,58195207
340,2017,2,3,5,2466306
341,2017,2,3,6,1584586
342,2017,2,3,7,5288041
343,2017,2,3,0,199539383
344,2017,2,4,1,47289307
345,2017,2,4,2,66018218
346,2017,2,4,3,5143655
347,2017,2,4,4,175292841
348,2017,2,4,5,6084642
349,2017,2,4,6,2605478
350,2017,2,4,7,4205840
351,2017,2,4,0,306639981
352,2017,2,5,1,26905615
353,2017,2,5,2,27772410
354,2017,2,5,3,3162494
355,2017,2,5,4,3844660
356,2017,2,5,5,1182166
357,2017,2,5,6,1086904
358,2017,2,5,7,3303691
359,2017,2,5,0,67257940
360,2018,2,1,1,12783761
361,2018,2,1,2,37492338
362,2018,2,1,3,3986127
363,2018,2,1,4,2845500
364,2018,2,1,5,111899
365,2018,2,1,6,795367
366,2018,2,1,7,2461773
367,2018,2,1,0,60476765
368,2018,2,2,1,39332307
369,2018,2,2,2,77512808
370,2018,2,2,3,2456836
371,2018,2,2,4,23633550
372,2018,2,2,5,698747
373,2018,2,2,6,1248151
374,2018,2,2,7,2828427
375,2018,2,2,0,147710826
376,2018,2,3,1,54657967
377,2018,2,3,2,73171852
378,2018,2,3,3,13241973
379,2018,2,3,4,58416674
380,2018,2,3,5,2611186
381,2018,2,3,6,1610640
382,2018,2,3,7,5353435
383,2018,2,3,0,209063727
384,2018,2,4,1,49271579
385,2018,2,4,2,74730914
386,2018,2,4,3,6175335
387,2018,2,4,4,166663085
388,2018,2,4,5,6368285
389,2018,2,4,6,2490552
390,2018,2,4,7,4240071
391,2018,2,4,0,309939821
392,2018,2,5,1,27598767
393,2018,2,5,2,30853462
394,2018,2,5,3,3630948
395,2018,2,5,4,3410133
396,2018,2,5,5,1233226
397,2018,2,5,6,1107469
398,2018,2,5,7,3481225
399,2018,2,5,0,71315230
400,2019,2,1,1,12727329
401,2019,2,1,2,33178254
402,2019,2,1,3,3530102
403,2019,2,1,4,2675745
404,2019,2,1,5,109437
405,2019,2,1,6,823545
406,2019,2,1,7,2006882
407,2019,2,1,0,55051294
408,2019,2,2,1,38729294
409,2019,2,2,2,70519787
410,2019,2,2,3,1821679
411,2019,2,2,4,22716978
412,2019,2,2,5,749331
413,2019,2,2,6,1291563
414,2019,2,2,7,2348154
415,2019,2,2,0,138176786
416,2019,2,3,1,53317305
417,2019,2,3,2,67095883
418,2019,2,3,3,11522216
419,2019,2,3,4,55005138
420,2019,2,3,5,2271111
421,2019,2,3,6,1840033
422,2019,2,3,7,4484878
423,2019,2,3,0,195536564
424,2019,2,4,1,49297564
425,2019,2,4,2,67558429
426,2019,2,4,3,4656063
427,2019,2,4,4,153216420
428,2019,2,4,5,5907547
429,2019,2,4,6,2565664
430,2019,2,4,7,3479724
431,2019,2,4,0,286681411
432,2019,2,5,1,27350383
433,2019,2,5,2,27590513
434,2019,2,5,3,2776292
435,2019,2,5,4,3260154
436,2019,2,5,5,1251277
437,2019,2,5,6,1194030
438,2019,2,5,7,2929835
439,2019,2,5,0,66352484
440,2020,2,1,1,13472802
441,2020,2,1,2,32717527
442,2020,2,1,3,3340279
443,2020,2,1,4,2677537
444,2020,2,1,5,105071
445,2020,2,1,6,800760
446,2020,2,1,7,1648945
447,2020,2,1,0,54762921
448,2020,2,2,1,39125323
449,2020,2,2,2,68871446
450,2020,2,2,3,1749769
451,2020,2,2,4,23408909
452,2020,2,2,5,635475
453,2020,2,2,6,1267342
454,2020,2,2,7,2132508
455,2020,2,2,0,137190772
456,2020,2,3,1,54198001
457,2020,2,3,2,65428494
458,2020,2,3,3,11480376
459,2020,2,3,4,57242458
460,2020,2,3,5,2245417
461,2020,2,3,6,1920132
462,2020,2,3,7,3816272
463,2020,2,3,0,196331150
464,2020,2,4,1,50884764
465,2020,2,4,2,66982151
466,2020,2,4,3,4437972
467,2020,2,4,4,152677641
468,2020,2,4,5,5503812
469,2020,2,4,6,2656110
470,2020,2,4,7,3102705
471,2020,2,4,0,286245155
472,2020,2,5,1,27999732
473,2020,2,5,2,27335493
474,2020,2,5,3,2576301
475,2020,2,5,4,3030925
476,2020,2,5,5,1063841
477,2020,2,5,6,1152689
478,2020,2,5,7,2379248
479,2020,2,5,0,65538229
480,2021,2,1,1,14844779
481,2021,2,1,2,32050257
482,2021,2,1,3,3549485
483,2021,2,1,4,2730566
484,2021,2,1,5,110716
485,2021,2,1,6,822730
486,2021,2,1,7,1582376
487,2021,2,1,0,55690909
488,2021,2,2,1,40569523
489,2021,2,2,2,69143417
490,2021,2,2,3,1791633
491,2021,2,2,4,24658267
492,2021,2,2,5,636676
493,2021,2,2,6,1135540
494,2021,2,2,7,2091206
495,2021,2,2,0,140026262
496,2021,2,3,1,56303793
497,2021,2,3,2,65393073
498,2021,2,3,3,11806593
499,2021,2,3,4,56296522
500,2021,2,3,5,2274150
501,2021,2,3,6,1764200
502,2021,2,3,7,3706854
503,2021,2,3,0,197545185
504,2021,2,4,1,54301590
505,2021,2,4,2,69014764
506,2021,2,4,3,4936618
507,2021,2,4,4,167987616
508,2021,2,4,5,5549436
509,2021,2,4,6,2476623
510,2021,2,4,7,3055364
511,2021,2,4,0,307322011
512,2021,2,5,1,28923442
513,2021,2,5,2,27296786
514,2021,2,5,3,2708946
515,2021,2,5,4,3149202
516,2021,2,5,5,1063675
517,2021,2,5,6,1123383
518,2021,2,5,7,2377606
519,2021,2,5,0,66643040
520,2022,2,1,1,15320399
521,2022,2,1,2,33960749
522,2022,2,1,3,3413818
523,2022,2,1,4,3034791
524,2022,2,1,5,185883
525,2022,2,1,6,820763
526,2022,2,1,7,1519931
527,2022,2,1,0,58256334
528,2022,2,2,1,40638984
529,2022,2,2,2,72205123
530,2022,2,2,3,1868664
531,2022,2,2,4,24230134
532,2022,2,2,5,590700
533,2022,2,2,6,1133916
534,2022,2,2,7,1976695
535,2022,2,2,0,142644216
536,2022,2,3,1,57237193
537,2022,2,3,2,69323324
538,2022,2,3,3,12695308
539,2022,2,3,4,56611627
540,2022,2,3,5,2383150
541,2022,2,3,6,1707949
542,2022,2,3,7,3592500
543,2022,2,3,0,203551051
544,2022,2,4,1,54922534
545,2022,2,4,2,73622847
546,2022,2,4,3,4929654
547,2022,2,4,4,168809577
548,2022,2,4,5,6331857
549,2022,2,4,6,2583481
550,2022,2,4,7,2718740
551,2022,2,4,0,313918690
552,2022,2,5,1,29869787
553,2022,2,5,2,29201642
554,2022,2,5,3,2855720
555,2022,2,5,4,3667295
556,2022,2,5,5,1218056
557,2022,2,5,6,1072994
558,2022,2,5,7,2280806
559,2022,2,5,0,70166300
560,2016,3,1,1,10803000
561,2016,3,1,2,30996152
562,2016,3,1,3,3467243
563,2016,3,1,4,2476386
564,2016,3,1,5,85146
565,2016,3,1,6,729447
566,2016,3,1,7,2277586
567,2016,3,1,0,50834960
568,2016,3,2,1,34719000
569,2016,3,2,2,63051941
570,2016,3,2,3,1971814
571,2016,3,2,4,27300826
572,2016,3,2,5,565463
573,2016,3,2,6,1236282
574,2016,3,2,7,2921936
575,2016,3,2,0,131767262
576,2016,3,3,1,47293157
577,2016,3,3,2,58173181
578,2016,3,3,3,11785342
579,2016,3,3,4,60320535
580,2016,3,3,5,1829053
581,2016,3,3,6,1461043
582,2016,3,3,7,4474401
583,2016,3,3,0,185336712
584,2016,3,4,1,42685074
585,2016,3,4,2,55911956
586,2016,3,4,3,5248139
587,2016,3,4,4,172932636
588,2016,3,4,5,4823107
589,2016,3,4,6,2311530
590,2016,3,4,7,4050954
591,2016,3,4,0,287963396
592,2016,3,5,1,23955185
593,2016,3,5,2,23453712
594,2016,3,5,3,3151061
595,2016,3,5,4,2580743
596,2016,3,5,5,1063006
597,2016,3,5,6,993455
598,2016,3,5,7,2923418
599,2016,3,5,0,58120580
600,2017,3,1,1,10581941
601,2017,3,1,2,30807324
602,2017,3,1,3,3523813
603,2017,3,1,4,2543540
604,2017,3,1,5,103768
605,2017,3,1,6,647759
606,2017,3,1,7,2026134
607,2017,3,1,0,50234279
608,2017,3,2,1,33749551
609,2017,3,2,2,63274835
610,2017,3,2,3,1990609
611,2017,3,2,4,26431536
612,2017,3,2,5,542891
613,2017,3,2,6,1151818
614,2017,3,2,7,2607048
615,2017,3,2,0,129748288
616,2017,3,3,1,45286771
617,2017,3,3,2,57650287
618,2017,3,3,3,12180464
619,2017,3,3,4,60017233
620,2017,3,3,5,1800862
621,2017,3,3,6,1406667
622,2017,3,3,7,4333451
623,2017,3,3,0,182675735
624,2017,3,4,1,41372339
625,2017,3,4,2,57573058
626,2017,3,4,3,5261707
627,2017,3,4,4,182658134
628,2017,3,4,5,5031798
629,2017,3,4,6,2255594
630,2017,3,4,7,3529494
631,2017,3,4,0,297682124
632,2017,3,5,1,22900476
633,2017,3,5,2,23278429
634,2017,3,5,3,3128898
635,2017,3,5,4,3605501
636,2017,3,5,5,1021082
637,2017,3,5,6,972973
638,2017,3,5,7,2663676
639,2017,3,5,0,57571035
640,2018,3,1,1,11012887
641,2018,3,1,2,30025222
642,2018,3,1,3,3313703
643,2018,3,1,4,2406107
644,2018,3,1,5,91912
645,2018,3,1,6,744557
646,2018,3,1,7,1837473
647,2018,3,1,0,49431861
648,2018,3,2,1,34267202
649,2018,3,2,2,61664491
650,2018,3,2,3,1919247
651,2018,3,2,4,24654069
652,2018,3,2,5,602319
653,2018,3,2,6,1123753
654,2018,3,2,7,2335766
655,2018,3,2,0,126566847
656,2018,3,3,1,47004304
657,2018,3,3,2,56956788
658,2018,3,3,3,11474072
659,2018,3,3,4,59775070
660,2018,3,3,5,1622933
661,2018,3,3,6,1412254
662,2018,3,3,7,3919231
663,2018,3,3,0,182164652
664,2018,3,4,1,42711658
665,2018,3,4,2,59422888
666,2018,3,4,3,5028630
667,2018,3,4,4,166241926
668,2018,3,4,5,4452512
669,2018,3,4,6,2212936
670,2018,3,4,7,3331566
671,2018,3,4,0,283402116
672,2018,3,5,1,23410952
673,2018,3,5,2,23491917
674,2018,3,5,3,2886626
675,2018,3,5,4,2969150
676,2018,3,5,5,878244
677,2018,3,5,6,996421
678,2018,3,5,7,2461009
679,2018,3,5,0,57094319
680,2019,3,1,1,11245362
681,2019,3,1,2,30045928
682,2019,3,1,3,3327499
683,2019,3,1,4,2548210
684,2019,3,1,5,94963
685,2019,3,1,6,780457
686,2019,3,1,7,1528932
687,2019,3,1,0,49571351
688,2019,3,2,1,34049561
689,2019,3,2,2,60414659
690,2019,3,2,3,1819058
691,2019,3,2,4,19706656
692,2019,3,2,5,598948
693,2019,3,2,6,1166296
694,2019,3,2,7,1951733
695,2019,3,2,0,119706911
696,2019,3,3,1,46879782
697,2019,3,3,2,55275780
698,2019,3,3,3,11488074
699,2019,3,3,4,58768827
700,2019,3,3,5,1665162
701,2019,3,3,6,1627687
702,2019,3,3,7,3435542
703,2019,3,3,0,179140854
704,2019,3,4,1,43222980
705,2019,3,4,2,58048643
706,2019,3,4,3,4818429
707,2019,3,4,4,162070368
708,2019,3,4,5,4435591
709,2019,3,4,6,2252951
710,2019,3,4,7,2843859
711,2019,3,4,0,277692821
712,2019,3,5,1,23738731
713,2019,3,5,2,22796822
714,2019,3,5,3,2846755
715,2019,3,5,4,2751385
716,2019,3,5,5,1059141
717,2019,3,5,6,1100813
718,2019,3,5,7,2202886
719,2019,3,5,0,56496533
720,2020,3,1,1,12676281
721,2020,3,1,2,28715027
722,2020,3,1,3,2775274
723,2020,3,1,4,2464048
724,2020,3,1,5,95502
725,2020,3,1,6,770999
726,2020,3,1,7,1375353
727,2020,3,1,0,48872484
728,2020,3,2,1,36636130
729,2020,3,2,2,61452640
730,2020,3,2,3,1379103
731,2020,3,2,4,25483353
732,2020,3,2,5,602937
733,2020,3,2,6,1131158
734,2020,3,2,7,1809295
735,2020,3,2,0,128494616
736,2020,3,3,1,50887693
737,2020,3,3,2,57054733
738,2020,3,3,3,10045464
739,2020,3,3,4,58532356
740,2020,3,3,5,1681125
741,2020,3,3,6,1681262
742,2020,3,3,7,3081560
743,2020,3,3,0,182964193
744,2020,3,4,1,47454641
745,2020,3,4,2,59809663
746,2020,3,4,3,3721639
747,2020,3,4,4,157544079
748,2020,3,4,5,4498245
749,2020,3,4,6,2404462
750,2020,3,4,7,2585871
751,2020,3,4,0,278018600
752,2020,3,5,1,25934740
753,2020,3,5,2,23648529
754,2020,3,5,3,2110297
755,2020,3,5,4,2789781
756,2020,3,5,5,959164
757,2020,3,5,6,1091649
758,2020,3,5,7,2002064
759,2020,3,5,0,58536224
760,2021,3,1,1,13199891
761,2021,3,1,2,27822115
762,2021,3,1,3,3013133
763,2021,3,1,4,2465142
764,2021,3,1,5,90084
765,2021,3,1,6,794176
766,2021,3,1,7,1179030
767,2021,3,1,0,48563571
768,2021,3,2,1,34996462
769,2021,3,2,2,59373151
770,2021,3,2,3,1736928
771,2021,3,2,4,25309265
772,2021,3,2,5,503382
773,2021,3,2,6,1034442
774,2021,3,2,7,1663974
775,2021,3,2,0,124617604
776,2021,3,3,1,49372711
777,2021,3,3,2,55191360
778,2021,3,3,3,11216746
779,2021,3,3,4,58321085
780,2021,3,3,5,1662977
781,2021,3,3,6,1591423
782,2021,3,3,7,2837442
783,2021,3,3,0,180193744
784,2021,3,4,1,46506932
785,2021,3,4,2,58780285
786,2021,3,4,3,4611191
787,2021,3,4,4,168894151
788,2021,3,4,5,4094980
789,2021,3,4,6,2156399
790,2021,3,4,7,2334485
791,2021,3,4,0,287378423
792,2021,3,5,1,24803096
793,2021,3,5,2,22941364
794,2021,3,5,3,2715859
795,2021,3,5,4,2763893
796,2021,3,5,5,908734
797,2021,3,5,6,1041381
798,2021,3,5,7,1833108
799,2021,3,5,0,57007435
800,2022,3,1,1,14095073
801,2022,3,1,2,29771521
802,2022,3,1,3,3314333
803,2022,3,1,4,2912947
804,2022,3,1,5,178160
805,2022,3,1,6,768475
806,2022,3,1,7,1203541
807,2022,3,1,0,52244050
808,2022,3,2,1,35886494
809,2022,3,2,2,63912286
810,2022,3,2,3,2067067
811,2022,3,2,4,25400197
812,2022,3,2,5,537015
813,2022,3,2,6,969229
814,2022,3,2,7,1678660
815,2022,3,2,0,130450948
816,2022,3,3,1,51343669
817,2022,3,3,2,59511673
818,2022,3,3,3,12435009
819,2022,3,3,4,60614816
820,2022,3,3,5,1705822
821,2022,3,3,6,1506102
822,2022,3,3,7,2956854
823,2022,3,3,0,190073945
824,2022,3,4,1,48375786
825,2022,3,4,2,65163896
826,2022,3,4,3,5159123
827,2022,3,4,4,173212363
828,2022,3,4,5,5004968
829,2022,3,4,6,2289929
830,2022,3,4,7,2309099
831,2022,3,4,0,301515164
832,2022,3,5,1,26047796
833,2022,3,5,2,24606260
834,2022,3,5,3,3060102
835,2022,3,5,4,3540659
836,2022,3,5,5,1016295
837,2022,3,5,6,987559
838,2022,3,5,7,1858417
839,2022,3,5,0,61117088
840,2016,4,1,1,10806127
841,2016,4,1,2,28077765
842,2016,4,1,3,3480401
843,2016,4,1,4,2337747
844,2016,4,1,5,78186
845,2016,4,1,6,679534
846,2016,4,1,7,1699786
847,2016,4,1,0,47159546
848,2016,4,2,1,34725289
849,2016,4,2,2,58933882
850,2016,4,2,3,1803545
851,2016,4,2,4,24049176
852,2016,4,2,5,441401
853,2016,4,2,6,1170348
854,2016,4,2,7,2402444
855,2016,4,2,0,123526085
856,2016,4,3,1,47316342
857,2016,4,3,2,53062467
858,2016,4,3,3,9913840
859,2016,4,3,4,58306349
860,2016,4,3,5,1371636
861,2016,4,3,6,1386992
862,2016,4,3,7,3260447
863,2016,4,3,0,174618073
864,2016,4,4,1,42953081
865,2016,4,4,2,51930838
866,2016,4,4,3,4740406
867,2016,4,4,4,167456260
868,2016,4,4,5,3483148
869,2016,4,4,6,2299294
870,2016,4,4,7,3079122
871,2016,4,4,0,275942149
872,2016,4,5,1,24047465
873,2016,4,5,2,21110782
874,2016,4,5,3,2713366
875,2016,4,5,4,2550218
876,2016,4,5,5,629673
877,2016,4,5,6,967263
878,2016,4,5,7,1813459
879,2016,4,5,0,53832226
880,2017,4,1,1,11165337
881,2017,4,1,2,28605159
882,2017,4,1,3,3552101
883,2017,4,1,4,2276204
884,2017,4,1,5,96417
885,2017,4,1,6,626592
886,2017,4,1,7,1657147
887,2017,4,1,0,47978957
888,2017,4,2,1,35579231
889,2017,4,2,2,60856134
890,2017,4,2,3,2003347
891,2017,4,2,4,24298361
892,2017,4,2,5,475540
893,2017,4,2,6,1108024
894,2017,4,2,7,2274879
895,2017,4,2,0,126595516
896,2017,4,3,1,47914971
897,2017,4,3,2,55024388
898,2017,4,3,3,10695158
899,2017,4,3,4,59404312
900,2017,4,3,5,1245080
901,2017,4,3,6,1359862
902,2017,4,3,7,3365071
903,2017,4,3,0,179008842
904,2017,4,4,1,43795783
905,2017,4,4,2,55436119
906,2017,4,4,3,5095091
907,2017,4,4,4,175505195
908,2017,4,4,5,3537194
909,2017,4,4,6,2270744
910,2017,4,4,7,3062821
911,2017,4,4,0,288702947
912,2017,4,5,1,24243867
913,2017,4,5,2,22135754
914,2017,4,5,3,2930904
915,2017,4,5,4,3604058
916,2017,4,5,5,684865
917,2017,4,5,6,917559
918,2017,4,5,7,1916229
919,2017,4,5,0,56433236
920,2018,4,1,1,11236282
921,2018,4,1,2,27929138
922,2018,4,1,3,3200049
923,2018,4,1,4,2324816
924,2018,4,1,5,82281
925,2018,4,1,6,836659
926,2018,4,1,7,1289749
927,2018,4,1,0,46898974
928,2018,4,2,1,35192647
929,2018,4,2,2,59064505
930,2018,4,2,3,1791323
931,2018,4,2,4,23656059
932,2018,4,2,5,445983
933,2018,4,2,6,1070011
934,2018,4,2,7,1808437
935,2018,4,2,0,123028965
936,2018,4,3,1,48275527
937,2018,4,3,2,54805092
938,2018,4,3,3,10091408
939,2018,4,3,4,59904216
940,2018,4,3,5,1186284
941,2018,4,3,6,1366753
942,2018,4,3,7,2690088
943,2018,4,3,0,178319368
944,2018,4,4,1,44243142
945,2018,4,4,2,57129086
946,2018,4,4,3,4682165
947,2018,4,4,4,167847484
948,2018,4,4,5,3061473
949,2018,4,4,6,2223167
950,2018,4,4,7,2370931
951,2018,4,4,0,281557448
952,2018,4,5,1,24254975
953,2018,4,5,2,22598929
954,2018,4,5,3,2650038
955,2018,4,5,4,3108038
956,2018,4,5,5,630590
957,2018,4,5,6,988042
958,2018,4,5,7,1457569
959,2018,4,5,0,55688181
960,2019,4,1,1,11936371
961,2019,4,1,2,28666538
962,2019,4,1,3,3509243
963,2019,4,1,4,2341794
964,2019,4,1,5,90792
965,2019,4,1,6,805379
966,2019,4,1,7,1325506
967,2019,4,1,0,48675623
968,2019,4,2,1,35950861
969,2019,4,2,2,59967285
970,2019,4,2,3,2040300
971,2019,4,2,4,30470522
972,2019,4,2,5,523888
973,2019,4,2,6,1067264
974,2019,4,2,7,1778565
975,2019,4,2,0,131798685
976,2019,4,3,1,49383936
977,2019,4,3,2,55440786
978,2019,4,3,3,11153431
979,2019,4,3,4,58474899
980,2019,4,3,5,1373258
981,2019,4,3,6,1556910
982,2019,4,3,7,2880770
983,2019,4,3,0,180263990
984,2019,4,4,1,45818755
985,2019,4,4,2,57617660
986,2019,4,4,3,5309247
987,2019,4,4,4,171906708
988,2019,4,4,5,3459262
989,2019,4,4,6,2265377
990,2019,4,4,7,2410613
991,2019,4,4,0,288787622
992,2019,4,5,1,25049175
993,2019,4,5,2,22824710
994,2019,4,5,3,3017485
995,2019,4,5,4,2925760
996,2019,4,5,5,761522
997,2019,4,5,6,1024282
998,2019,4,5,7,1777857
999,2019,4,5,0,57380791
1000,2020,4,1,1,12773976
1001,2020,4,1,2,26473392
1002,2020,4,1,3,2535577
1003,2020,4,1,4,2320867
1004,2020,4,1,5,89926
1005,2020,4,1,6,829688
1006,2020,4,1,7,1133874
1007,2020,4,1,0,46157300
1008,2020,4,2,1,37416283
1009,2020,4,2,2,57992047
1010,2020,4,2,3,1187219
1011,2020,4,2,4,23005804
1012,2020,4,2,5,509083
1013,2020,4,2,6,1057813
1014,2020,4,2,7,1646127
1015,2020,4,2,0,122814376
1016,2020,4,3,1,51379516
1017,2020,4,3,2,54085065
1018,2020,4,3,3,8629633
1019,2020,4,3,4,54203156
1020,2020,4,3,5,1182858
1021,2020,4,3,6,1620001
1022,2020,4,3,7,2425817
1023,2020,4,3,0,173526046
1024,2020,4,4,1,48908930
1025,2020,4,4,2,56849829
1026,2020,4,4,3,3256594
1027,2020,4,4,4,144740295
1028,2020,4,4,5,3424963
1029,2020,4,4,6,2366391
1030,2020,4,4,7,2036035
1031,2020,4,4,0,261583037
1032,2020,4,5,1,26414761
1033,2020,4,5,2,22418299
1034,2020,4,5,3,1788133
1035,2020,4,5,4,2726804
1036,2020,4,5,5,744399
1037,2020,4,5,6,1037008
1038,2020,4,5,7,1448879
1039,2020,4,5,0,56578283
1040,2021,4,1,1,13266615
1041,2021,4,1,2,26437201
1042,2021,4,1,3,3004880
1043,2021,4,1,4,2582508
1044,2021,4,1,5,80881
1045,2021,4,1,6,828588
1046,2021,4,1,7,868589
1047,2021,4,1,0,47069262
1048,2021,4,2,1,36209607
1049,2021,4,2,2,57874115
1050,2021,4,2,3,1717874
1051,2021,4,2,4,25412367
1052,2021,4,2,5,408796
1053,2021,4,2,6,984760
1054,2021,4,2,7,1397778
1055,2021,4,2,0,124005297
1056,2021,4,3,1,50521636
1057,2021,4,3,2,54044978
1058,2021,4,3,3,10179113
1059,2021,4,3,4,58113669
1060,2021,4,3,5,1236151
1061,2021,4,3,6,1543827
1062,2021,4,3,7,2039693
1063,2021,4,3,0,177679067
1064,2021,4,4,1,48661703
1065,2021,4,4,2,57849434
1066,2021,4,4,3,4301034
1067,2021,4,4,4,172665120
1068,2021,4,4,5,3082972
1069,2021,4,4,6,2199494
1070,2021,4,4,7,1829896
1071,2021,4,4,0,290589653
1072,2021,4,5,1,25924421
1073,2021,4,5,2,22505760
1074,2021,4,5,3,2534817
1075,2021,4,5,4,2809576
1076,2021,4,5,5,714630
1077,2021,4,5,6,1054294
1078,2021,4,5,7,1165448
1079,2021,4,5,0,56708946
1080,2022,4,1,1,13898724
1081,2022,4,1,2,27224445
1082,2022,4,1,3,3121408
1083,2022,4,1,4,2707313
1084,2022,4,1,5,155365
1085,2022,4,1,6,785482
1086,2022,4,1,7,866312
1087,2022,4,1,0,48759049
1088,2022,4,2,1,37096850
1089,2022,4,2,2,59921908
1090,2022,4,2,3,2009978
1091,2022,4,2,4,24663751
1092,2022,4,2,5,413021
1093,2022,4,2,6,907999
1094,2022,4,2,7,1419496
1095,2022,4,2,0,126433003
1096,2022,4,3,1,51817786
1097,2022,4,3,2,56456501
1098,2022,4,3,3,10975066
1099,2022,4,3,4,60488533
1100,2022,4,3,5,1507158
1101,2022,4,3,6,1460398
1102,2022,4,3,7,2092085
1103,2022,4,3,0,184797527
1104,2022,4,4,1,50522911
1105,2022,4,4,2,61913585
1106,2022,4,4,3,4884102
1107,2022,4,4,4,168232352
1108,2022,4,4,5,3694471
1109,2022,4,4,6,2234285
1110,2022,4,4,7,1902671
1111,2022,4,4,0,293384377
1112,2022,4,5,1,26616686
1113,2022,4,5,2,23584708
1114,2022,4,5,3,2882073
1115,2022,4,5,4,3662662
1116,2022,4,5,5,776865
1117,2022,4,5,6,976265
1118,2022,4,5,7,1018792
1119,2022,4,5,0,59518051
1120,2016,5,1,1,9945718
1121,2016,5,1,2,26270017
1122,2016,5,1,3,2681403
1123,2016,5,1,4,2150620
1124,2016,5,1,5,64319
1125,2016,5,1,6,625743
1126,2016,5,1,7,1058383
1127,2016,5,1,0,42796203
1128,2016,5,2,1,32535248
1129,2016,5,2,2,54601995
1130,2016,5,2,3,1220718
1131,2016,5,2,4,23905464
1132,2016,5,2,5,328137
1133,2016,5,2,6,1025913
1134,2016,5,2,7,1614588
1135,2016,5,2,0,115232063
1136,2016,5,3,1,44137516
1137,2016,5,3,2,48901589
1138,2016,5,3,3,8926628
1139,2016,5,3,4,59866730
1140,2016,5,3,5,951393
1141,2016,5,3,6,1256850
1142,2016,5,3,7,1809903
1143,2016,5,3,0,165850609
1144,2016,5,4,1,40007124
1145,2016,5,4,2,47300472
1146,2016,5,4,3,3382714
1147,2016,5,4,4,161957898
1148,2016,5,4,5,2087339
1149,2016,5,4,6,2060114
1150,2016,5,4,7,1346114
1151,2016,5,4,0,258141775
1152,2016,5,5,1,22379549
1153,2016,5,5,2,19708919
1154,2016,5,5,3,1993576
1155,2016,5,5,4,2689287
1156,2016,5,5,5,447755
1157,2016,5,5,6,874452
1158,2016,5,5,7,868830
1159,2016,5,5,0,48962368
1160,2017,5,1,1,10186552
1161,2017,5,1,2,26215467
1162,2017,5,1,3,2656231
1163,2017,5,1,4,2107241
1164,2017,5,1,5,71504
1165,2017,5,1,6,576299
1166,2017,5,1,7,997832
1167,2017,5,1,0,42811126
1168,2017,5,2,1,32215099
1169,2017,5,2,2,55055885
1170,2017,5,2,3,1201028
1171,2017,5,2,4,23675083
1172,2017,5,2,5,320612
1173,2017,5,2,6,990978
1174,2017,5,2,7,1430404
1175,2017,5,2,0,114889089
1176,2017,5,3,1,43941779
1177,2017,5,3,2,49260765
1178,2017,5,3,3,9134940
1179,2017,5,3,4,58837860
1180,2017,5,3,5,1044618
1181,2017,5,3,6,1208140
1182,2017,5,3,7,1771033
1183,2017,5,3,0,165199135
1184,2017,5,4,1,40277754
1185,2017,5,4,2,49909960
1186,2017,5,4,3,3257181
1187,2017,5,4,4,163076175
1188,2017,5,4,5,2299637
1189,2017,5,4,6,2063235
1190,2017,5,4,7,1211256
1191,2017,5,4,0,262095198
1192,2017,5,5,1,22243323
1193,2017,5,5,2,19980515
1194,2017,5,5,3,1931200
1195,2017,5,5,4,3472260
1196,2017,5,5,5,514213
1197,2017,5,5,6,830618
1198,2017,5,5,7,731982
1199,2017,5,5,0,49704111
1200,2018,5,1,1,10513158
1201,2018,5,1,2,26990130
1202,2018,5,1,3,2563051
1203,2018,5,1,4,2217184
1204,2018,5,1,5,71951
1205,2018,5,1,6,732392
1206,2018,5,1,7,842887
1207,2018,5,1,0,43930753
1208,2018,5,2,1,33018824
1209,2018,5,2,2,55538664
1210,2018,5,2,3,1312714
1211,2018,5,2,4,24053442
1212,2018,5,2,5,360041
1213,2018,5,2,6,950496
1214,2018,5,2,7,1378510
1215,2018,5,2,0,116612691
1216,2018,5,3,1,45392110
1217,2018,5,3,2,51666701
1218,2018,5,3,3,9608300
1219,2018,5,3,4,61323309
1220,2018,5,3,5,940164
1221,2018,5,3,6,1275360
1222,2018,5,3,7,1627824
1223,2018,5,3,0,171833768
1224,2018,5,4,1,41444843
1225,2018,5,4,2,53041568
1226,2018,5,4,3,3512841
1227,2018,5,4,4,162063077
1228,2018,5,4,5,2157888
1229,2018,5,4,6,1992464
1230,2018,5,4,7,1156820
1231,2018,5,4,0,265369501
1232,2018,5,5,1,22722284
1233,2018,5,5,2,21238790
1234,2018,5,5,3,2115114
1235,2018,5,5,4,2965684
1236,2018,5,5,5,507839
1237,2018,5,5,6,911578
1238,2018,5,5,7,736707
1239,2018,5,5,0,51197996
1240,2019,5,1,1,11208315
1241,2019,5,1,2,26975014
1242,2019,5,1,3,2835138
1243,2019,5,1,4,2245081
1244,2019,5,1,5,75472
1245,2019,5,1,6,759953
1246,2019,5,1,7,827758
1247,2019,5,1,0,44926731
1248,2019,5,2,1,33547349
1249,2019,5,2,2,55722250
1250,2019,5,2,3,1426829
1251,2019,5,2,4,24737438
1252,2019,5,2,5,416511
1253,2019,5,2,6,984776
1254,2019,5,2,7,1396937
1255,2019,5,2,0,118232090
1256,2019,5,3,1,45895314
1257,2019,5,3,2,51217451
1258,2019,5,3,3,9843851
1259,2019,5,3,4,58957925
1260,2019,5,3,5,1177513
1261,2019,5,3,6,1403184
1262,2019,5,3,7,1592559
1263,2019,5,3,0,170087797
1264,2019,5,4,1,43007642
1265,2019,5,4,2,53116822
1266,2019,5,4,3,3748784
1267,2019,5,4,4,163180136
1268,2019,5,4,5,2202780
1269,2019,5,4,6,2047179
1270,2019,5,4,7,1153268
1271,2019,5,4,0,268456611
1272,2019,5,5,1,23340550
1273,2019,5,5,2,20988698
1274,2019,5,5,3,2173659
1275,2019,5,5,4,2684124
1276,2019,5,5,5,569800
1277,2019,5,5,6,958804
1278,2019,5,5,7,683056
1279,2019,5,5,0,51398691
1280,2020,5,1,1,12139914
1281,2020,5,1,2,25965613
1282,2020,5,1,3,2218759
1283,2020,5,1,4,2176765
1284,2020,5,1,5,80236
1285,2020,5,1,6,793098
1286,2020,5,1,7,837098
1287,2020,5,1,0,44211483
1288,2020,5,2,1,35183269
1289,2020,5,2,2,55242996
1290,2020,5,2,3,1008515
1291,2020,5,2,4,21885741
1292,2020,5,2,5,438432
1293,2020,5,2,6,980440
1294,2020,5,2,7,1339343
1295,2020,5,2,0,116078736
1296,2020,5,3,1,48355643
1297,2020,5,3,2,50987836
1298,2020,5,3,3,8366223
1299,2020,5,3,4,54850151
1300,2020,5,3,5,1066282
1301,2020,5,3,6,1450822
1302,2020,5,3,7,1506691
1303,2020,5,3,0,166583648
1304,2020,5,4,1,45999902
1305,2020,5,4,2,54239111
1306,2020,5,4,3,2612285
1307,2020,5,4,4,123311210
1308,2020,5,4,5,2419422
1309,2020,5,4,6,2144160
1310,2020,5,4,7,1245525
1311,2020,5,4,0,231971615
1312,2020,5,5,1,24569915
1313,2020,5,5,2,21232241
1314,2020,5,5,3,1481678
1315,2020,5,5,4,2524200
1316,2020,5,5,5,575435
1317,2020,5,5,6,960397
1318,2020,5,5,7,676099
1319,2020,5,5,0,52019965
1320,2021,5,1,1,12784715
1321,2021,5,1,2,25514142
1322,2021,5,1,3,2561429
1323,2021,5,1,4,2587266
1324,2021,5,1,5,71296
1325,2021,5,1,6,792837
1326,2021,5,1,7,580573
1327,2021,5,1,0,44892258
1328,2021,5,2,1,33937832
1329,2021,5,2,2,54916498
1330,2021,5,2,3,1299715
1331,2021,5,2,4,23595532
1332,2021,5,2,5,337122
1333,2021,5,2,6,893265
1334,2021,5,2,7,891421
1335,2021,5,2,0,115871385
1336,2021,5,3,1,48218290
1337,2021,5,3,2,51677151
1338,2021,5,3,3,9527476
1339,2021,5,3,4,57361785
1340,2021,5,3,5,1242594
1341,2021,5,3,6,1394782
1342,2021,5,3,7,1239574
1343,2021,5,3,0,170661652
1344,2021,5,4,1,45756700
1345,2021,5,4,2,55150173
1346,2021,5,4,3,3165415
1347,2021,5,4,4,166321005
1348,2021,5,4,5,2391526
1349,2021,5,4,6,1998133
1350,2021,5,4,7,976806
1351,2021,5,4,0,275759758
1352,2021,5,5,1,24469550
1353,2021,5,5,2,21374413
1354,2021,5,5,3,1857581
1355,2021,5,5,4,2655736
1356,2021,5,5,5,695899
1357,2021,5,5,6,979345
1358,2021,5,5,7,532928
1359,2021,5,5,0,52565452
1360,2022,5,1,1,12984256
1361,2022,5,1,2,26149485
1362,2022,5,1,3,2476983
1363,2022,5,1,4,2629101
1364,2022,5,1,5,151262
1365,2022,5,1,6,764557
1366,2022,5,1,7,534075
1367,2022,5,1,0,45689719
1368,2022,5,2,1,33482536
1369,2022,5,2,2,56385036
1370,2022,5,2,3,1275846
1371,2022,5,2,4,24460065
1372,2022,5,2,5,320174
1373,2022,5,2,6,809851
1374,2022,5,2,7,1036665
1375,2022,5,2,0,117770173
1376,2022,5,3,1,47578305
1377,2022,5,3,2,53220279
1378,2022,5,3,3,9366690
1379,2022,5,3,4,61683850
1380,2022,5,3,5,1244702
1381,2022,5,3,6,1311540
1382,2022,5,3,7,1179419
1383,2022,5,3,0,175584785
1384,2022,5,4,1,45877635
1385,2022,5,4,2,59032445
1386,2022,5,4,3,3353119
1387,2022,5,4,4,165608757
1388,2022,5,4,5,2666176
1389,2022,5,4,6,2034966
1390,2022,5,4,7,787136
1391,2022,5,4,0,279360234
1392,2022,5,5,1,24350842
1393,2022,5,5,2,22222887
1394,2022,5,5,3,1890272
1395,2022,5,5,4,3510075
1396,2022,5,5,5,681624
1397,2022,5,5,6,922682
1398,2022,5,5,7,436186
1399,2022,5,5,0,54014568
1400,2016,6,1,1,10085118
1401,2016,6,1,2,29246349
1402,2016,6,1,3,3076275
1403,2016,6,1,4,2229072
1404,2016,6,1,5,62055
1405,2016,6,1,6,595345
1406,2016,6,1,7,860584
1407,2016,6,1,0,46154798
1408,2016,6,2,1,32985845
1409,2016,6,2,2,60245534
1410,2016,6,2,3,1469381
1411,2016,6,2,4,26589186
1412,2016,6,2,5,399322
1413,2016,6,2,6,953192
1414,2016,6,2,7,1393280
1415,2016,6,2,0,124035740
1416,2016,6,3,1,44621578
1417,2016,6,3,2,55020728
1418,2016,6,3,3,10135646
1419,2016,6,3,4,63534420
1420,2016,6,3,5,1120946
1421,2016,6,3,6,1180357
1422,2016,6,3,7,1373142
1423,2016,6,3,0,176986817
1424,2016,6,4,1,40445139
1425,2016,6,4,2,53032671
1426,2016,6,4,3,3931268
1427,2016,6,4,4,173630281
1428,2016,6,4,5,2287835
1429,2016,6,4,6,1969927
1430,2016,6,4,7,949471
1431,2016,6,4,0,276246592
1432,2016,6,5,1,22645472
1433,2016,6,5,2,22453072
1434,2016,6,5,3,2427071
1435,2016,6,5,4,2646175
1436,2016,6,5,5,548283
1437,2016,6,5,6,819583
1438,2016,6,5,7,499785
1439,2016,6,5,0,52039441
1440,2017,6,1,1,10282505
1441,2017,6,1,2,28774649
1442,2017,6,1,3,2994072
1443,2017,6,1,4,2179968
1444,2017,6,1,5,64066
1445,2017,6,1,6,550817
1446,2017,6,1,7,733984
1447,2017,6,1,0,45580061
1448,2017,6,2,1,32825263
1449,2017,6,2,2,59867730
1450,2017,6,2,3,1458114
1451,2017,6,2,4,24402762
1452,2017,6,2,5,435945
1453,2017,6,2,6,917275
1454,2017,6,2,7,1216457
1455,2017,6,2,0,121123546
1456,2017,6,3,1,44325692
1457,2017,6,3,2,54396187
1458,2017,6,3,3,10417057
1459,2017,6,3,4,63683481
1460,2017,6,3,5,1228351
1461,2017,6,3,6,1158165
1462,2017,6,3,7,1349421
1463,2017,6,3,0,176558354
1464,2017,6,4,1,40558043
1465,2017,6,4,2,54454494
1466,2017,6,4,3,3734426
1467,2017,6,4,4,177523386
1468,2017,6,4,5,2422392
1469,2017,6,4,6,2031724
1470,2017,6,4,7,807868
1471,2017,6,4,0,281532333
1472,2017,6,5,1,22210899
1473,2017,6,5,2,22529157
1474,2017,6,5,3,2329725
1475,2017,6,5,4,3629854
1476,2017,6,5,5,658698
1477,2017,6,5,6,773910
1478,2017,6,5,7,461534
1479,2017,6,5,0,52593777
1480,2018,6,1,1,10846953
1481,2018,6,1,2,30164222
1482,2018,6,1,3,3067871
1483,2018,6,1,4,2431929
1484,2018,6,1,5,72193
1485,2018,6,1,6,738259
1486,2018,6,1,7,647758
1487,2018,6,1,0,47969185
1488,2018,6,2,1,33914564
1489,2018,6,2,2,61792424
1490,2018,6,2,3,1563373
1491,2018,6,2,4,24722701
1492,2018,6,2,5,427346
1493,2018,6,2,6,894543
1494,2018,6,2,7,1218609
1495,2018,6,2,0,124533560
1496,2018,6,3,1,46552103
1497,2018,6,3,2,57929359
1498,2018,6,3,3,10977448
1499,2018,6,3,4,66055030
1500,2018,6,3,5,1068888
1501,2018,6,3,6,1209883
1502,2018,6,3,7,1176663
1503,2018,6,3,0,184969374
1504,2018,6,4,1,42646809
1505,2018,6,4,2,58446625
1506,2018,6,4,3,4022997
1507,2018,6,4,4,165464810
1508,2018,6,4,5,2354167
1509,2018,6,4,6,1927713
1510,2018,6,4,7,779002
1511,2018,6,4,0,275642123
1512,2018,6,5,1,23325318
1513,2018,6,5,2,24119235
1514,2018,6,5,3,2430342
1515,2018,6,5,4,3111781
1516,2018,6,5,5,649448
1517,2018,6,5,6,884837
1518,2018,6,5,7,416894
1519,2018,6,5,0,54937855
1520,2019,6,1,1,11268028
1521,2019,6,1,2,29055837
1522,2019,6,1,3,2999215
1523,2019,6,1,4,2257603
1524,2019,6,1,5,71569
1525,2019,6,1,6,755223
1526,2019,6,1,7,600474
1527,2019,6,1,0,47007949
1528,2019,6,2,1,33553856
1529,2019,6,2,2,60900341
1530,2019,6,2,3,1556740
1531,2019,6,2,4,24649775
1532,2019,6,2,5,435375
1533,2019,6,2,6,910548
1534,2019,6,2,7,969233
1535,2019,6,2,0,122975868
1536,2019,6,3,1,46354018
1537,2019,6,3,2,56052953
1538,2019,6,3,3,10689256
1539,2019,6,3,4,60024924
1540,2019,6,3,5,1249102
1541,2019,6,3,6,1345891
1542,2019,6,3,7,1051633
1543,2019,6,3,0,176767777
1544,2019,6,4,1,43499815
1545,2019,6,4,2,57865408
1546,2019,6,4,3,3918436
1547,2019,6,4,4,163223793
1548,2019,6,4,5,2236864
1549,2019,6,4,6,1980460
1550,2019,6,4,7,851174
1551,2019,6,4,0,273575950
1552,2019,6,5,1,23577955
1553,2019,6,5,2,22999198
1554,2019,6,5,3,2304562
1555,2019,6,5,4,2764191
1556,2019,6,5,5,665910
1557,2019,6,5,6,943261
1558,2019,6,5,7,400021
1559,2019,6,5,0,53655098
1560,2020,6,1,1,12592684
1561,2020,6,1,2,29446084
1562,2020,6,1,3,2460979
1563,2020,6,1,4,2321266
1564,2020,6,1,5,73487
1565,2020,6,1,6,791237
1566,2020,6,1,7,597244
1567,2020,6,1,0,48282981
1568,2020,6,2,1,35582710
1569,2020,6,2,2,61273303
1570,2020,6,2,3,1242322
1571,2020,6,2,4,24609174
1572,2020,6,2,5,357289
1573,2020,6,2,6,878752
1574,2020,6,2,7,1114216
1575,2020,6,2,0,125057766
1576,2020,6,3,1,50332426
1577,2020,6,3,2,58496883
1578,2020,6,3,3,10600123
1579,2020,6,3,4,61817507
1580,2020,6,3,5,1269475
1581,2020,6,3,6,1367418
1582,2020,6,3,7,1070908
1583,2020,6,3,0,184954740
1584,2020,6,4,1,47176972
1585,2020,6,4,2,60595058
1586,2020,6,4,3,3195612
1587,2020,6,4,4,153727696
1588,2020,6,4,5,2488326
1589,2020,6,4,6,2020738
1590,2020,6,4,7,868752
1591,2020,6,4,0,270073154
1592,2020,6,5,1,25370743
1593,2020,6,5,2,24959393
1594,2020,6,5,3,1948138
1595,2020,6,5,4,2683365
1596,2020,6,5,5,691797
1597,2020,6,5,6,913906
1598,2020,6,5,7,369921
1599,2020,6,5,0,56937263
1600,2021,6,1,1,13328381
1601,2021,6,1,2,28632980
1602,2021,6,1,3,2720147
1603,2021,6,1,4,2625124
1604,2021,6,1,5,69173
1605,2021,6,1,6,773739
1606,2021,6,1,7,538684
1607,2021,6,1,0,48688228
1608,2021,6,2,1,35205670
1609,2021,6,2,2,60939034
1610,2021,6,2,3,1479619
1611,2021,6,2,4,26498907
1612,2021,6,2,5,346184
1613,2021,6,2,6,811416
1614,2021,6,2,7,1033357
1615,2021,6,2,0,126314187
1616,2021,6,3,1,50321786
1617,2021,6,3,2,58038147
1618,2021,6,3,3,11245358
1619,2021,6,3,4,62564978
1620,2021,6,3,5,1247678
1621,2021,6,3,6,1303392
1622,2021,6,3,7,1032752
1623,2021,6,3,0,185754091
1624,2021,6,4,1,48017851
1625,2021,6,4,2,61788726
1626,2021,6,4,3,3684248
1627,2021,6,4,4,177151050
1628,2021,6,4,5,2510179
1629,2021,6,4,6,1895191
1630,2021,6,4,7,780453
1631,2021,6,4,0,295827698
1632,2021,6,5,1,25466870
1633,2021,6,5,2,24630986
1634,2021,6,5,3,2242022
1635,2021,6,5,4,2839396
1636,2021,6,5,5,731158
1637,2021,6,5,6,916056
1638,2021,6,5,7,323910
1639,2021,6,5,0,57150398
1640,2022,6,1,1,13963517
1641,2022,6,1,2,29619867
1642,2022,6,1,3,2794639
1643,2022,6,1,4,2760369
1644,2022,6,1,5,151621
1645,2022,6,1,6,757031
1646,2022,6,1,7,481009
1647,2022,6,1,0,50528053
1648,2022,6,2,1,34370261
1649,2022,6,2,2,62858060
1650,2022,6,2,3,1589636
1651,2022,6,2,4,26100888
1652,2022,6,2,5,434048
1653,2022,6,2,6,737953
1654,2022,6,2,7,969528
1655,2022,6,2,0,127060374
1656,2022,6,3,1,49943929
1657,2022,6,3,2,60252571
1658,2022,6,3,3,12476764
1659,2022,6,3,4,65615071
1660,2022,6,3,5,1358685
1661,2022,6,3,6,1235322
1662,2022,6,3,7,1034762
1663,2022,6,3,0,191917104
1664,2022,6,4,1,47551429
1665,2022,6,4,2,66771521
1666,2022,6,4,3,4142129
1667,2022,6,4,4,164993479
1668,2022,6,4,5,3092020
1669,2022,6,4,6,1982768
1670,2022,6,4,7,608859
1671,2022,6,4,0,289142205
1672,2022,6,5,1,25371518
1673,2022,6,5,2,25628508
1674,2022,6,5,3,2290706
1675,2022,6,5,4,3617016
1676,2022,6,5,5,832092
1677,2022,6,5,6,878706
1678,2022,6,5,7,298735
1679,2022,6,5,0,58917281
1680,2016,7,1,1,10717434
1681,2016,7,1,2,33255320
1682,2016,7,1,3,3448469
1683,2016,7,1,4,2499186
1684,2016,7,1,5,62080
1685,2016,7,1,6,595425
1686,2016,7,1,7,913937
1687,2016,7,1,0,51491851
1688,2016,7,2,1,34822530
1689,2016,7,2,2,67378479
1690,2016,7,2,3,2058788
1691,2016,7,2,4,28620805
1692,2016,7,2,5,450313
1693,2016,7,2,6,912834
1694,2016,7,2,7,1422998
1695,2016,7,2,0,135666747
1696,2016,7,3,1,48012676
1697,2016,7,3,2,61765790
1698,2016,7,3,3,12351757
1699,2016,7,3,4,68376161
1700,2016,7,3,5,1367683
1701,2016,7,3,6,1139296
1702,2016,7,3,7,1533065
1703,2016,7,3,0,194546428
1704,2016,7,4,1,42396197
1705,2016,7,4,2,59624193
1706,2016,7,4,3,5103170
1707,2016,7,4,4,180920297
1708,2016,7,4,5,2135133
1709,2016,7,4,6,1884401
1710,2016,7,4,7,951695
1711,2016,7,4,0,293015086
1712,2016,7,5,1,24304944
1713,2016,7,5,2,25408298
1714,2016,7,5,3,2959962
1715,2016,7,5,4,2745641
1716,2016,7,5,5,465478
1717,2016,7,5,6,825938
1718,2016,7,5,7,424253
1719,2016,7,5,0,57134514
1720,2017,7,1,1,11421827
1721,2017,7,1,2,34453658
1722,2017,7,1,3,3478207
1723,2017,7,1,4,2524619
1724,2017,7,1,5,66047
1725,2017,7,1,6,544648
1726,2017,7,1,7,723706
1727,2017,7,1,0,53212712
1728,2017,7,2,1,35645349
1729,2017,7,2,2,69657881
1730,2017,7,2,3,2176047
1731,2017,7,2,4,28393438
1732,2017,7,2,5,516706
1733,2017,7,2,6,899309
1734,2017,7,2,7,1329470
1735,2017,7,2,0,138618200
1736,2017,7,3,1,50732336
1737,2017,7,3,2,64552249
1738,2017,7,3,3,13268046
1739,2017,7,3,4,70024340
1740,2017,7,3,5,1182722
1741,2017,7,3,6,1127373
1742,2017,7,3,7,1487323
1743,2017,7,3,0,202374389
1744,2017,7,4,1,44295915
1745,2017,7,4,2,64196727
1746,2017,7,4,3,5138861
1747,2017,7,4,4,187539169
1748,2017,7,4,5,2350539
1749,2017,7,4,6,1907764
1750,2017,7,4,7,874894
1751,2017,7,4,0,306303869
1752,2017,7,5,1,25743699
1753,2017,7,5,2,27239445
1754,2017,7,5,3,3109697
1755,2017,7,5,4,3730467
1756,2017,7,5,5,525476
1757,2017,7,5,6,780586
1758,2017,7,5,7,349133
1759,2017,7,5,0,61478503
1760,2018,7,1,1,12022027
1761,2018,7,1,2,34920611
1762,2018,7,1,3,3454391
1763,2018,7,1,4,2574932
1764,2018,7,1,5,75790
1765,2018,7,1,6,784656
1766,2018,7,1,7,693164
1767,2018,7,1,0,54525571
1768,2018,7,2,1,36607069
1769,2018,7,2,2,69934247
1770,2018,7,2,3,2252518
1771,2018,7,2,4,27777764
1772,2018,7,2,5,523778
1773,2018,7,2,6,857649
1774,2018,7,2,7,1304083
1775,2018,7,2,0,139257108
1776,2018,7,3,1,53056410
1777,2018,7,3,2,66118333
1778,2018,7,3,3,13495395
1779,2018,7,3,4,64200885
1780,2018,7,3,5,1364109
1781,2018,7,3,6,1140843
1782,2018,7,3,7,1353333
1783,2018,7,3,0,200729308
1784,2018,7,4,1,46406620
1785,2018,7,4,2,66603096
1786,2018,7,4,3,5361365
1787,2018,7,4,4,172061408
1788,2018,7,4,5,2326502
1789,2018,7,4,6,1812586
1790,2018,7,4,7,739579
1791,2018,7,4,0,295311156
1792,2018,7,5,1,26902953
1793,2018,7,5,2,28201450
1794,2018,7,5,3,3161964
1795,2018,7,5,4,3315054
1796,2018,7,5,5,636560
1797,2018,7,5,6,917479
1798,2018,7,5,7,304657
1799,2018,7,5,0,63440117
1800,2019,7,1,1,12003120
1801,2019,7,1,2,32400159
1802,2019,7,1,3,3209040
1803,2019,7,1,4,2474250
1804,2019,7,1,5,73019
1805,2019,7,1,6,736518
1806,2019,7,1,7,573028
1807,2019,7,1,0,51469134
1808,2019,7,2,1,34625607
1809,2019,7,2,2,66401586
1810,2019,7,2,3,1977770
1811,2019,7,2,4,28410626
1812,2019,7,2,5,420661
1813,2019,7,2,6,855445
1814,2019,7,2,7,1131460
1815,2019,7,2,0,133823155
1816,2019,7,3,1,48920695
1817,2019,7,3,2,61467822
1818,2019,7,3,3,12588536
1819,2019,7,3,4,65609074
1820,2019,7,3,5,1234827
1821,2019,7,3,6,1301168
1822,2019,7,3,7,1104315
1823,2019,7,3,0,192226437
1824,2019,7,4,1,45306340
1825,2019,7,4,2,64309164
1826,2019,7,4,3,4896429
1827,2019,7,4,4,172257048
1828,2019,7,4,5,2201920
1829,2019,7,4,6,1888694
1830,2019,7,4,7,840176
1831,2019,7,4,0,291699771
1832,2019,7,5,1,24576524
1833,2019,7,5,2,25532012
1834,2019,7,5,3,2779479
1835,2019,7,5,4,2710866
1836,2019,7,5,5,558450
1837,2019,7,5,6,907773
1838,2019,7,5,7,297377
1839,2019,7,5,0,57362481
1840,2020,7,1,1,13519172
1841,2020,7,1,2,30635433
1842,2020,7,1,3,3051872
1843,2020,7,1,4,2571920
1844,2020,7,1,5,80930
1845,2020,7,1,6,748355
1846,2020,7,1,7,518666
1847,2020,7,1,0,51126348
1848,2020,7,2,1,36998036
1849,2020,7,2,2,66159620
1850,2020,7,2,3,1693170
1851,2020,7,2,4,26774881
1852,2020,7,2,5,551581
1853,2020,7,2,6,830295
1854,2020,7,2,7,1065024
1855,2020,7,2,0,134072607
1856,2020,7,3,1,51841851
1857,2020,7,3,2,60126596
1858,2020,7,3,3,11347332
1859,2020,7,3,4,66818100
1860,2020,7,3,5,1327216
1861,2020,7,3,6,1324041
1862,2020,7,3,7,899319
1863,2020,7,3,0,193684455
1864,2020,7,4,1,49161169
1865,2020,7,4,2,64882502
1866,2020,7,4,3,4097452
1867,2020,7,4,4,164209885
1868,2020,7,4,5,2340966
1869,2020,7,4,6,1905185
1870,2020,7,4,7,727774
1871,2020,7,4,0,287324933
1872,2020,7,5,1,25673086
1873,2020,7,5,2,25073924
1874,2020,7,5,3,2265545
1875,2020,7,5,4,2791355
1876,2020,7,5,5,552634
1877,2020,7,5,6,884389
1878,2020,7,5,7,288263
1879,2020,7,5,0,57529196
1880,2021,7,1,1,15531997
1881,2021,7,1,2,33429183
1882,2021,7,1,3,3149856
1883,2021,7,1,4,2975447
1884,2021,7,1,5,78215
1885,2021,7,1,6,753821
1886,2021,7,1,7,503938
1887,2021,7,1,0,56422457
1888,2021,7,2,1,38493779
1889,2021,7,2,2,70265342
1890,2021,7,2,3,2135316
1891,2021,7,2,4,28955406
1892,2021,7,2,5,371953
1893,2021,7,2,6,776539
1894,2021,7,2,7,1111963
1895,2021,7,2,0,142110298
1896,2021,7,3,1,58754741
1897,2021,7,3,2,66846417
1898,2021,7,3,3,13473177
1899,2021,7,3,4,68061947
1900,2021,7,3,5,1533318
1901,2021,7,3,6,1273830
1902,2021,7,3,7,1010607
1903,2021,7,3,0,210954037
1904,2021,7,4,1,53007515
1905,2021,7,4,2,72031208
1906,2021,7,4,3,4939928
1907,2021,7,4,4,180948376
1908,2021,7,4,5,2745292
1909,2021,7,4,6,1830508
1910,2021,7,4,7,744851
1911,2021,7,4,0,316247678
1912,2021,7,5,1,28993083
1913,2021,7,5,2,28438303
1914,2021,7,5,3,2895440
1915,2021,7,5,4,3014872
1916,2021,7,5,5,722776
1917,2021,7,5,6,899271
1918,2021,7,5,7,247402
1919,2021,7,5,0,65211147
1920,2022,7,1,1,17680698
1921,2022,7,1,2,35808300
1922,2022,7,1,3,3458117
1923,2022,7,1,4,3099707
1924,2022,7,1,5,181332
1925,2022,7,1,6,744172
1926,2022,7,1,7,470317
1927,2022,7,1,0,61442643
1928,2022,7,2,1,42389225
1929,2022,7,2,2,74988373
1930,2022,7,2,3,2555304
1931,2022,7,2,4,29932801
1932,2022,7,2,5,483792
1933,2022,7,2,6,708387
1934,2022,7,2,7,1078274
1935,2022,7,2,0,152136156
1936,2022,7,3,1,65021497
1937,2022,7,3,2,72620595
1938,2022,7,3,3,14645645
1939,2022,7,3,4,72369556
1940,2022,7,3,5,1526691
1941,2022,7,3,6,1190104
1942,2022,7,3,7,1070863
1943,2022,7,3,0,228444951
1944,2022,7,4,1,59152230
1945,2022,7,4,2,80567514
1946,2022,7,4,3,5716580
1947,2022,7,4,4,173223986
1948,2022,7,4,5,3513418
1949,2022,7,4,6,1881172
1950,2022,7,4,7,668494
1951,2022,7,4,0,324723394
1952,2022,7,5,1,31754687
1953,2022,7,5,2,31214262
1954,2022,7,5,3,3335879
1955,2022,7,5,4,3902396
1956,2022,7,5,5,737684
1957,2022,7,5,6,869580
1958,2022,7,5,7,236946
1959,2022,7,5,0,72051434
1960,2016,8,1,1,13578474
1961,2016,8,1,2,38566172
1962,2016,8,1,3,3767835
1963,2016,8,1,4,2657209
1964,2016,8,1,5,86629
1965,2016,8,1,6,617871
1966,2016,8,1,7,966987
1967,2016,8,1,0,60241177
1968,2016,8,2,1,44779573
1969,2016,8,2,2,79227882
1970,2016,8,2,3,1831151
1971,2016,8,2,4,24870163
1972,2016,8,2,5,483315
1973,2016,8,2,6,935717
1974,2016,8,2,7,1526618
1975,2016,8,2,0,153654419
1976,2016,8,3,1,61609255
1977,2016,8,3,2,74345442
1978,2016,8,3,3,12398241
1979,2016,8,3,4,68311391
1980,2016,8,3,5,2050312
1981,2016,8,3,6,1226610
1982,2016,8,3,7,1529062
1983,2016,8,3,0,221470313
1984,2016,8,4,1,55397050
1985,2016,8,4,2,71435398
1986,2016,8,4,3,4974129
1987,2016,8,4,4,171210586
1988,2016,8,4,5,2976293
1989,2016,8,4,6,2058513
1990,2016,8,4,7,994723
1991,2016,8,4,0,309046692
1992,2016,8,5,1,31341266
1993,2016,8,5,2,30382632
1994,2016,8,5,3,2745073
1995,2016,8,5,4,2862644
1996,2016,8,5,5,740838
1997,2016,8,5,6,888463
1998,2016,8,5,7,339825
1999,2016,8,5,0,69300741
2000,2017,8,1,1,14154487
2001,2017,8,1,2,39082244
2002,2017,8,1,3,3758165
2003,2017,8,1,4,2627517
2004,2017,8,1,5,83679
2005,2017,8,1,6,570603
2006,2017,8,1,7,566626
2007,2017,8,1,0,60843321
2008,2017,8,2,1,47527646
2009,2017,8,2,2,80772279
2010,2017,8,2,3,2043946
2011,2017,8,2,4,20435723
2012,2017,8,2,5,478292
2013,2017,8,2,6,900337
2014,2017,8,2,7,1393875
2015,2017,8,2,0,153552098
2016,2017,8,3,1,62893794
2017,2017,8,3,2,74400956
2018,2017,8,3,3,12744231
2019,2017,8,3,4,70402265
2020,2017,8,3,5,1962370
2021,2017,8,3,6,1206731
2022,2017,8,3,7,1417506
2023,2017,8,3,0,225027853
2024,2017,8,4,1,59535552
2025,2017,8,4,2,75533050
2026,2017,8,4,3,4992671
2027,2017,8,4,4,177796163
2028,2017,8,4,5,2868282
2029,2017,8,4,6,1972458
2030,2017,8,4,7,805313
2031,2017,8,4,0,323503489
2032,2017,8,5,1,31215771
2033,2017,8,5,2,30475621
2034,2017,8,5,3,2872569
2035,2017,8,5,4,3972724
2036,2017,8,5,5,674077
2037,2017,8,5,6,827648
2038,2017,8,5,7,306866
2039,2017,8,5,0,70345276
2040,2018,8,1,1,16939199
2041,2018,8,1,2,41800347
2042,2018,8,1,3,4011879
2043,2018,8,1,4,3032969
2044,2018,8,1,5,109550
2045,2018,8,1,6,705870
2046,2018,8,1,7,702840
2047,2018,8,1,0,67302654
2048,2018,8,2,1,54576578
2049,2018,8,2,2,85865973
2050,2018,8,2,3,2271461
2051,2018,8,2,4,27485754
2052,2018,8,2,5,639730
2053,2018,8,2,6,915491
2054,2018,8,2,7,1427207
2055,2018,8,2,0,173182194
2056,2018,8,3,1,76147900
2057,2018,8,3,2,80959823
2058,2018,8,3,3,13742279
2059,2018,8,3,4,68588742
2060,2018,8,3,5,2214374
2061,2018,8,3,6,1225489
2062,2018,8,3,7,1207525
2063,2018,8,3,0,244086132
2064,2018,8,4,1,69389912
2065,2018,8,4,2,82780145
2066,2018,8,4,3,5385253
2067,2018,8,4,4,166135792
2068,2018,8,4,5,3495892
2069,2018,8,4,6,1977840
2070,2018,8,4,7,708151
2071,2018,8,4,0,329872985
2072,2018,8,5,1,37151434
2073,2018,8,5,2,33440286
2074,2018,8,5,3,3139441
2075,2018,8,5,4,3609318
2076,2018,8,5,5,882552
2077,2018,8,5,6,975944
2078,2018,8,5,7,271889
2079,2018,8,5,0,79470864
2080,2019,8,1,1,15887122
2081,2019,8,1,2,38285680
2082,2019,8,1,3,3493506
2083,2019,8,1,4,2734569
2084,2019,8,1,5,89536
2085,2019,8,1,6,754000
2086,2019,8,1,7,548818
2087,2019,8,1,0,61793231
2088,2019,8,2,1,45892262
2089,2019,8,2,2,79179037
2090,2019,8,2,3,1825392
2091,2019,8,2,4,26313035
2092,2019,8,2,5,502898
2093,2019,8,2,6,928850
2094,2019,8,2,7,1292846
2095,2019,8,2,0,155934320
2096,2019,8,3,1,67057834
2097,2019,8,3,2,74958929
2098,2019,8,3,3,12737273
2099,2019,8,3,4,65911500
2100,2019,8,3,5,1919335
2101,2019,8,3,6,1400597
2102,2019,8,3,7,1124125
2103,2019,8,3,0,225109593
2104,2019,8,4,1,60554363
2105,2019,8,4,2,77731582
2106,2019,8,4,3,4481523
2107,2019,8,4,4,158254330
2108,2019,8,4,5,3006513
2109,2019,8,4,6,2032209
2110,2019,8,4,7,730572
2111,2019,8,4,0,306791092
2112,2019,8,5,1,33500565
2113,2019,8,5,2,31057972
2114,2019,8,5,3,2660794
2115,2019,8,5,4,3100911
2116,2019,8,5,5,808255
2117,2019,8,5,6,971122
2118,2019,8,5,7,267543
2119,2019,8,5,0,72367162
2120,2020,8,1,1,16470421
2121,2020,8,1,2,34044106
2122,2020,8,1,3,2953626
2123,2020,8,1,4,2842724
2124,2020,8,1,5,92247
2125,2020,8,1,6,756887
2126,2020,8,1,7,578937
2127,2020,8,1,0,57738948
2128,2020,8,2,1,43615802
2129,2020,8,2,2,71661327
2130,2020,8,2,3,1472185
2131,2020,8,2,4,26828085
2132,2020,8,2,5,463239
2133,2020,8,2,6,875315
2134,2020,8,2,7,1249120
2135,2020,8,2,0,146165073
2136,2020,8,3,1,65692721
2137,2020,8,3,2,68467496
2138,2020,8,3,3,12326384
2139,2020,8,3,4,67495764
2140,2020,8,3,5,1708358
2141,2020,8,3,6,1400317
2142,2020,8,3,7,1013489
2143,2020,8,3,0,218104529
2144,2020,8,4,1,58794018
2145,2020,8,4,2,71329017
2146,2020,8,4,3,3738990
2147,2020,8,4,4,155366618
2148,2020,8,4,5,3148286
2149,2020,8,4,6,1957760
2150,2020,8,4,7,797908
2151,2020,8,4,0,295132597
2152,2020,8,5,1,32335401
2153,2020,8,5,2,29283589
2154,2020,8,5,3,2177080
2155,2020,8,5,4,2980769
2156,2020,8,5,5,781974
2157,2020,8,5,6,949981
2158,2020,8,5,7,279610
2159,2020,8,5,0,68788404
2160,2021,8,1,1,19009930
2161,2021,8,1,2,37613661
2162,2021,8,1,3,3397281
2163,2021,8,1,4,3080691
2164,2021,8,1,5,111753
2165,2021,8,1,6,801965
2166,2021,8,1,7,442804
2167,2021,8,1,0,64458085
2168,2021,8,2,1,54264910
2169,2021,8,2,2,80431264
2170,2021,8,2,3,1659459
2171,2021,8,2,4,27005181
2172,2021,8,2,5,720982
2173,2021,8,2,6,821771
2174,2021,8,2,7,1123528
2175,2021,8,2,0,166027095
2176,2021,8,3,1,74015656
2177,2021,8,3,2,76264261
2178,2021,8,3,3,12661704
2179,2021,8,3,4,68916943
2180,2021,8,3,5,2118324
2181,2021,8,3,6,1399944
2182,2021,8,3,7,1009612
2183,2021,8,3,0,236386444
2184,2021,8,4,1,74129569
2185,2021,8,4,2,82532069
2186,2021,8,4,3,4224469
2187,2021,8,4,4,165784333
2188,2021,8,4,5,3763868
2189,2021,8,4,6,1957607
2190,2021,8,4,7,668104
2191,2021,8,4,0,333060019
2192,2021,8,5,1,37092512
2193,2021,8,5,2,31832186
2194,2021,8,5,3,2296655
2195,2021,8,5,4,3240837
2196,2021,8,5,5,939161
2197,2021,8,5,6,970996
2198,2021,8,5,7,217092
2199,2021,8,5,0,76589439
2200,2022,8,1,1,19940313
2201,2022,8,1,2,38132601
2202,2022,8,1,3,3379051
2203,2022,8,1,4,3233604
2204,2022,8,1,5,211525
2205,2022,8,1,6,769037
2206,2022,8,1,7,431668
2207,2022,8,1,0,66097799
2208,2022,8,2,1,51553153
2209,2022,8,2,2,81466200
2210,2022,8,2,3,1786640
2211,2022,8,2,4,28930105
2212,2022,8,2,5,531450
2213,2022,8,2,6,762062
2214,2022,8,2,7,1125957
2215,2022,8,2,0,166155567
2216,2022,8,3,1,74499506
2217,2022,8,3,2,77739682
2218,2022,8,3,3,13744821
2219,2022,8,3,4,72052345
2220,2022,8,3,5,2044705
2221,2022,8,3,6,1276111
2222,2022,8,3,7,1041875
2223,2022,8,3,0,242399045
2224,2022,8,4,1,73153637
2225,2022,8,4,2,87272716
2226,2022,8,4,3,4590149
2227,2022,8,4,4,166657968
2228,2022,8,4,5,4468995
2229,2022,8,4,6,1994436
2230,2022,8,4,7,613986
2231,2022,8,4,0,338751887
2232,2022,8,5,1,37313341
2233,2022,8,5,2,32807846
2234,2022,8,5,3,2493564
2235,2022,8,5,4,4011986
2236,2022,8,5,5,855388
2237,2022,8,5,6,909639
2238,2022,8,5,7,218773
2239,2022,8,5,0,78610537
2240,2016,9,1,1,11797022
2241,2016,9,1,2,33920485
2242,2016,9,1,3,3757630
2243,2016,9,1,4,2484688
2244,2016,9,1,5,109730
2245,2016,9,1,6,658563
2246,2016,9,1,7,691930
2247,2016,9,1,0,53420048
2248,2016,9,2,1,41514845
2249,2016,9,2,2,73519370
2250,2016,9,2,3,2065806
2251,2016,9,2,4,23257624
2252,2016,9,2,5,573447
2253,2016,9,2,6,1055095
2254,2016,9,2,7,1284239
2255,2016,9,2,0,143270426
2256,2016,9,3,1,51730621
2257,2016,9,3,2,64975464
2258,2016,9,3,3,11422827
2259,2016,9,3,4,63952152
2260,2016,9,3,5,1487765
2261,2016,9,3,6,1336705
2262,2016,9,3,7,1169062
2263,2016,9,3,0,196074596
2264,2016,9,4,1,51173386
2265,2016,9,4,2,65043797
2266,2016,9,4,3,5186688
2267,2016,9,4,4,164829503
2268,2016,9,4,5,2734050
2269,2016,9,4,6,2228375
2270,2016,9,4,7,692117
2271,2016,9,4,0,291887916
2272,2016,9,5,1,25101613
2273,2016,9,5,2,24983236
2274,2016,9,5,3,3042094
2275,2016,9,5,4,2738878
2276,2016,9,5,5,549892
2277,2016,9,5,6,948816
2278,2016,9,5,7,371747
2279,2016,9,5,0,57736276
2280,2017,9,1,1,11585845
2281,2017,9,1,2,33258574
2282,2017,9,1,3,3588398
2283,2017,9,1,4,2370467
2284,2017,9,1,5,101155
2285,2017,9,1,6,598643
2286,2017,9,1,7,600425
2287,2017,9,1,0,52103507
2288,2017,9,2,1,39198554
2289,2017,9,2,2,71161219
2290,2017,9,2,3,2118373
2291,2017,9,2,4,31155128
2292,2017,9,2,5,525368
2293,2017,9,2,6,1004886
2294,2017,9,2,7,1192457
2295,2017,9,2,0,146355985
2296,2017,9,3,1,49562038
2297,2017,9,3,2,63714853
2298,2017,9,3,3,11808043
2299,2017,9,3,4,65723193
2300,2017,9,3,5,1333155
2301,2017,9,3,6,1325416
2302,2017,9,3,7,1088047
2303,2017,9,3,0,194554745
2304,2017,9,4,1,49559486
2305,2017,9,4,2,66100257
2306,2017,9,4,3,5004588
2307,2017,9,4,4,181038743
2308,2017,9,4,5,2533603
2309,2017,9,4,6,2107028
2310,2017,9,4,7,468611
2311,2017,9,4,0,306812316
2312,2017,9,5,1,24519133
2313,2017,9,5,2,25304480
2314,2017,9,5,3,3074665
2315,2017,9,5,4,3886974
2316,2017,9,5,5,521035
2317,2017,9,5,6,898627
2318,2017,9,5,7,333037
2319,2017,9,5,0,58537951
2320,2018,9,1,1,13120624
2321,2018,9,1,2,34602084
2322,2018,9,1,3,3752876
2323,2018,9,1,4,2532668
2324,2018,9,1,5,126947
2325,2018,9,1,6,773633
2326,2018,9,1,7,515912
2327,2018,9,1,0,55424744
2328,2018,9,2,1,45080986
2329,2018,9,2,2,75120873
2330,2018,9,2,3,2370742
2331,2018,9,2,4,22867354
2332,2018,9,2,5,653248
2333,2018,9,2,6,995191
2334,2018,9,2,7,1119790
2335,2018,9,2,0,148208184
2336,2018,9,3,1,55720193
2337,2018,9,3,2,66916898
2338,2018,9,3,3,12115712
2339,2018,9,3,4,61943234
2340,2018,9,3,5,1509909
2341,2018,9,3,6,1326809
2342,2018,9,3,7,918934
2343,2018,9,3,0,200451689
2344,2018,9,4,1,58182097
2345,2018,9,4,2,71457113
2346,2018,9,4,3,5478717
2347,2018,9,4,4,159233519
2348,2018,9,4,5,2776013
2349,2018,9,4,6,2067739
2350,2018,9,4,7,532983
2351,2018,9,4,0,299728181
2352,2018,9,5,1,27108040
2353,2018,9,5,2,26383865
2354,2018,9,5,3,3273966
2355,2018,9,5,4,3458118
2356,2018,9,5,5,533802
2357,2018,9,5,6,1016197
2358,2018,9,5,7,317212
2359,2018,9,5,0,62091200
2360,2019,9,1,1,13698367
2361,2019,9,1,2,34120676
2362,2019,9,1,3,3472897
2363,2019,9,1,4,2545595
2364,2019,9,1,5,134183
2365,2019,9,1,6,774692
2366,2019,9,1,7,446122
2367,2019,9,1,0,55192532
2368,2019,9,2,1,44469522
2369,2019,9,2,2,74168110
2370,2019,9,2,3,2074870
2371,2019,9,2,4,24611871
2372,2019,9,2,5,621346
2373,2019,9,2,6,1024504
2374,2019,9,2,7,1111773
2375,2019,9,2,0,148081996
2376,2019,9,3,1,55376735
2377,2019,9,3,2,66606727
2378,2019,9,3,3,11929966
2379,2019,9,3,4,60887505
2380,2019,9,3,5,1531248
2381,2019,9,3,6,1518662
2382,2019,9,3,7,940494
2383,2019,9,3,0,198791337
2384,2019,9,4,1,58772339
2385,2019,9,4,2,71161610
2386,2019,9,4,3,5207854
2387,2019,9,4,4,150612759
2388,2019,9,4,5,3004279
2389,2019,9,4,6,2225917
2390,2019,9,4,7,595017
2391,2019,9,4,0,291579775
2392,2019,9,5,1,28577945
2393,2019,9,5,2,26480142
2394,2019,9,5,3,3033283
2395,2019,9,5,4,2974156
2396,2019,9,5,5,632477
2397,2019,9,5,6,1005152
2398,2019,9,5,7,293576
2399,2019,9,5,0,62996731
2400,2020,9,1,1,15941189
2401,2020,9,1,2,32460220
2402,2020,9,1,3,3105806
2403,2020,9,1,4,2725157
2404,2020,9,1,5,133604
2405,2020,9,1,6,785473
2406,2020,9,1,7,411614
2407,2020,9,1,0,55563063
2408,2020,9,2,1,52384344
2409,2020,9,2,2,72082599
2410,2020,9,2,3,1696002
2411,2020,9,2,4,26620546
2412,2020,9,2,5,537114
2413,2020,9,2,6,891691
2414,2020,9,2,7,1030484
2415,2020,9,2,0,155242780
2416,2020,9,3,1,65494089
2417,2020,9,3,2,66101736
2418,2020,9,3,3,10879018
2419,2020,9,3,4,65046016
2420,2020,9,3,5,1430642
2421,2020,9,3,6,1490550
2422,2020,9,3,7,766897
2423,2020,9,3,0,211208948
2424,2020,9,4,1,70699333
2425,2020,9,4,2,71485272
2426,2020,9,4,3,4113031
2427,2020,9,4,4,168773840
2428,2020,9,4,5,3163962
2429,2020,9,4,6,2075331
2430,2020,9,4,7,476027
2431,2020,9,4,0,320786796
2432,2020,9,5,1,33269529
2433,2020,9,5,2,26844785
2434,2020,9,5,3,2411347
2435,2020,9,5,4,3143569
2436,2020,9,5,5,627617
2437,2020,9,5,6,990607
2438,2020,9,5,7,276625
2439,2020,9,5,0,67564079
2440,2021,9,1,1,15262755
2441,2021,9,1,2,32382040
2442,2021,9,1,3,3212018
2443,2021,9,1,4,2804944
2444,2021,9,1,5,150312
2445,2021,9,1,6,735547
2446,2021,9,1,7,374494
2447,2021,9,1,0,54922110
2448,2021,9,2,1,44686055
2449,2021,9,2,2,71260680
2450,2021,9,2,3,2044289
2451,2021,9,2,4,24032345
2452,2021,9,2,5,547691
2453,2021,9,2,6,879944
2454,2021,9,2,7,979752
2455,2021,9,2,0,144430756
2456,2021,9,3,1,58017210
2457,2021,9,3,2,66309339
2458,2021,9,3,3,12281341
2459,2021,9,3,4,64254994
2460,2021,9,3,5,1573013
2461,2021,9,3,6,1495703
2462,2021,9,3,7,862112
2463,2021,9,3,0,204793712
2464,2021,9,4,1,61973742
2465,2021,9,4,2,72747411
2466,2021,9,4,3,4807941
2467,2021,9,4,4,166632367
2468,2021,9,4,5,3418214
2469,2021,9,4,6,2062215
2470,2021,9,4,7,608849
2471,2021,9,4,0,312250739
2472,2021,9,5,1,30007440
2473,2021,9,5,2,27363291
2474,2021,9,5,3,2858871
2475,2021,9,5,4,3179912
2476,2021,9,5,5,715448
2477,2021,9,5,6,992147
2478,2021,9,5,7,243675
2479,2021,9,5,0,65360784
2480,2022,9,1,1,16573900
2481,2022,9,1,2,33791766
2482,2022,9,1,3,3382875
2483,2022,9,1,4,2949152
2484,2022,9,1,5,225088
2485,2022,9,1,6,773922
2486,2022,9,1,7,327371
2487,2022,9,1,0,58024074
2488,2022,9,2,1,47208422
2489,2022,9,2,2,74258949
2490,2022,9,2,3,2064902
2491,2022,9,2,4,24658763
2492,2022,9,2,5,614324
2493,2022,9,2,6,857917
2494,2022,9,2,7,922689
2495,2022,9,2,0,150585966
2496,2022,9,3,1,60041119
2497,2022,9,3,2,69332231
2498,2022,9,3,3,12897048
2499,2022,9,3,4,66823047
2500,2022,9,3,5,1614299
2501,2022,9,3,6,1387812
2502,2022,9,3,7,909394
2503,2022,9,3,0,213004950
2504,2022,9,4,1,66213080
2505,2022,9,4,2,78905329
2506,2022,9,4,3,4918003
2507,2022,9,4,4,159737770
2508,2022,9,4,5,4412955
2509,2022,9,4,6,2136687
2510,2022,9,4,7,489619
2511,2022,9,4,0,316813443
2512,2022,9,5,1,31335795
2513,2022,9,5,2,28457453
2514,2022,9,5,3,2865757
2515,2022,9,5,4,3822018
2516,2022,9,5,5,785521
2517,2022,9,5,6,961242
2518,2022,9,5,7,231524
2519,2022,9,5,0,68459310
2520,2016,10,1,1,10030092
2521,2016,10,1,2,27567331
2522,2016,10,1,3,2982300
2523,2016,10,1,4,2177228
2524,2016,10,1,5,77753
2525,2016,10,1,6,703807
2526,2016,10,1,7,635077
2527,2016,10,1,0,44173588
2528,2016,10,2,1,32925039
2529,2016,10,2,2,58476712
2530,2016,10,2,3,1454514
2531,2016,10,2,4,21678040
2532,2016,10,2,5,406047
2533,2016,10,2,6,1155665
2534,2016,10,2,7,1024946
2535,2016,10,2,0,117120963
2536,2016,10,3,1,43998762
2537,2016,10,3,2,52012882
2538,2016,10,3,3,9499544
2539,2016,10,3,4,61316613
2540,2016,10,3,5,898147
2541,2016,10,3,6,1470813
2542,2016,10,3,7,1185617
2543,2016,10,3,0,170382378
2544,2016,10,4,1,40169098
2545,2016,10,4,2,51721488
2546,2016,10,4,3,3945110
2547,2016,10,4,4,167810033
2548,2016,10,4,5,2145613
2549,2016,10,4,6,2390757
2550,2016,10,4,7,683741
2551,2016,10,4,0,268865840
2552,2016,10,5,1,22303511
2553,2016,10,5,2,20744752
2554,2016,10,5,3,2209043
2555,2016,10,5,4,2686467
2556,2016,10,5,5,448179
2557,2016,10,5,6,1006401
2558,2016,10,5,7,582933
2559,2016,10,5,0,49981286
2560,2017,10,1,1,10223246
2561,2017,10,1,2,27184667
2562,2017,10,1,3,2811611
2563,2017,10,1,4,2127102
2564,2017,10,1,5,78815
2565,2017,10,1,6,677135
2566,2017,10,1,7,490361
2567,2017,10,1,0,43592937
2568,2017,10,2,1,32517077
2569,2017,10,2,2,57582225
2570,2017,10,2,3,1393127
2571,2017,10,2,4,20820391
2572,2017,10,2,5,399796
2573,2017,10,2,6,1119973
2574,2017,10,2,7,966643
2575,2017,10,2,0,114799232
2576,2017,10,3,1,44437446
2577,2017,10,3,2,51485001
2578,2017,10,3,3,9146715
2579,2017,10,3,4,59205910
2580,2017,10,3,5,927176
2581,2017,10,3,6,1460107
2582,2017,10,3,7,1087943
2583,2017,10,3,0,167750298
2584,2017,10,4,1,40272004
2585,2017,10,4,2,53791276
2586,2017,10,4,3,3614351
2587,2017,10,4,4,152362107
2588,2017,10,4,5,2082631
2589,2017,10,4,6,2250398
2590,2017,10,4,7,619255
2591,2017,10,4,0,254992022
2592,2017,10,5,1,22451510
2593,2017,10,5,2,20637452
2594,2017,10,5,3,2001578
2595,2017,10,5,4,3548317
2596,2017,10,5,5,476529
2597,2017,10,5,6,978542
2598,2017,10,5,7,524956
2599,2017,10,5,0,50618884
2600,2018,10,1,1,10542157
2601,2018,10,1,2,26785376
2602,2018,10,1,3,2792710
2603,2018,10,1,4,2253940
2604,2018,10,1,5,91868
2605,2018,10,1,6,793409
2606,2018,10,1,7,509314
2607,2018,10,1,0,43768774
2608,2018,10,2,1,32683810
2609,2018,10,2,2,56844409
2610,2018,10,2,3,1346404
2611,2018,10,2,4,22853481
2612,2018,10,2,5,405172
2613,2018,10,2,6,1068361
2614,2018,10,2,7,945231
2615,2018,10,2,0,116146868
2616,2018,10,3,1,46160279
2617,2018,10,3,2,50474105
2618,2018,10,3,3,9191383
2619,2018,10,3,4,59013745
2620,2018,10,3,5,1035056
2621,2018,10,3,6,1493035
2622,2018,10,3,7,1143884
2623,2018,10,3,0,168511487
2624,2018,10,4,1,41262717
2625,2018,10,4,2,53720103
2626,2018,10,4,3,3619396
2627,2018,10,4,4,161470065
2628,2018,10,4,5,2305007
2629,2018,10,4,6,2230222
2630,2018,10,4,7,601912
2631,2018,10,4,0,265209422
2632,2018,10,5,1,22578770
2633,2018,10,5,2,20504976
2634,2018,10,5,3,2015838
2635,2018,10,5,4,3226376
2636,2018,10,5,5,532369
2637,2018,10,5,6,1043385
2638,2018,10,5,7,588401
2639,2018,10,5,0,50490115
2640,2019,10,1,1,11721849
2641,2019,10,1,2,28456247
2642,2019,10,1,3,3090769
2643,2019,10,1,4,2303815
2644,2019,10,1,5,91897
2645,2019,10,1,6,783839
2646,2019,10,1,7,463961
2647,2019,10,1,0,46912377
2648,2019,10,2,1,34973805
2649,2019,10,2,2,61203346
2650,2019,10,2,3,1649447
2651,2019,10,2,4,23511920
2652,2019,10,2,5,445787
2653,2019,10,2,6,1089634
2654,2019,10,2,7,933366
2655,2019,10,2,0,123807305
2656,2019,10,3,1,46990968
2657,2019,10,3,2,54686770
2658,2019,10,3,3,10241233
2659,2019,10,3,4,57763926
2660,2019,10,3,5,1089134
2661,2019,10,3,6,1904615
2662,2019,10,3,7,914192
2663,2019,10,3,0,173590838
2664,2019,10,4,1,45184463
2665,2019,10,4,2,58345019
2666,2019,10,4,3,4110395
2667,2019,10,4,4,153615183
2668,2019,10,4,5,2320395
2669,2019,10,4,6,2333616
2670,2019,10,4,7,522934
2671,2019,10,4,0,266432005
2672,2019,10,5,1,23793273
2673,2019,10,5,2,22135540
2674,2019,10,5,3,2348699
2675,2019,10,5,4,2757594
2676,2019,10,5,5,564276
2677,2019,10,5,6,1070695
2678,2019,10,5,7,409451
2679,2019,10,5,0,53079528
2680,2020,10,1,1,12557903
2681,2020,10,1,2,25033930
2682,2020,10,1,3,2252400
2683,2020,10,1,4,2423097
2684,2020,10,1,5,84038
2685,2020,10,1,6,811371
2686,2020,10,1,7,395168
2687,2020,10,1,0,43557907
2688,2020,10,2,1,34871996
2689,2020,10,2,2,55163178
2690,2020,10,2,3,1118364
2691,2020,10,2,4,24962606
2692,2020,10,2,5,349723
2693,2020,10,2,6,1024688
2694,2020,10,2,7,813180
2695,2020,10,2,0,118303735
2696,2020,10,3,1,47989985
2697,2020,10,3,2,50677303
2698,2020,10,3,3,8923946
2699,2020,10,3,4,59473092
2700,2020,10,3,5,1082566
2701,2020,10,3,6,1646248
2702,2020,10,3,7,878897
2703,2020,10,3,0,170672037
2704,2020,10,4,1,46878126
2705,2020,10,4,2,54414667
2706,2020,10,4,3,2915080
2707,2020,10,4,4,151231826
2708,2020,10,4,5,2299259
2709,2020,10,4,6,2284811
2710,2020,10,4,7,513920
2711,2020,10,4,0,260537689
2712,2020,10,5,1,24447166
2713,2020,10,5,2,20827722
2714,2020,10,5,3,1571362
2715,2020,10,5,4,2672827
2716,2020,10,5,5,593230
2717,2020,10,5,6,1091350
2718,2020,10,5,7,433530
2719,2020,10,5,0,51637187
2720,2021,10,1,1,13488360
2721,2021,10,1,2,28562133
2722,2021,10,1,3,2849127
2723,2021,10,1,4,2694501
2724,2021,10,1,5,100428
2725,2021,10,1,6,807625
2726,2021,10,1,7,348522
2727,2021,10,1,0,48850696
2728,2021,10,2,1,36460122
2729,2021,10,2,2,62174690
2730,2021,10,2,3,1683468
2731,2021,10,2,4,26469766
2732,2021,10,2,5,424467
2733,2021,10,2,6,968059
2734,2021,10,2,7,819833
2735,2021,10,2,0,129000405
2736,2021,10,3,1,50711380
2737,2021,10,3,2,57799501
2738,2021,10,3,3,10976341
2739,2021,10,3,4,61170253
2740,2021,10,3,5,1203069
2741,2021,10,3,6,1609476
2742,2021,10,3,7,829704
2743,2021,10,3,0,184299724
2744,2021,10,4,1,49455783
2745,2021,10,4,2,63829120
2746,2021,10,4,3,4232017
2747,2021,10,4,4,163508927
2748,2021,10,4,5,2769031
2749,2021,10,4,6,2245993
2750,2021,10,4,7,494715
2751,2021,10,4,0,286535586
2752,2021,10,5,1,25686027
2753,2021,10,5,2,23987460
2754,2021,10,5,3,2261735
2755,2021,10,5,4,2900781
2756,2021,10,5,5,640871
2757,2021,10,5,6,1051371
2758,2021,10,5,7,389082
2759,2021,10,5,0,56917327
2760,2022,10,1,1,14018371
2761,2022,10,1,2,27690579
2762,2022,10,1,3,3014146
2763,2022,10,1,4,2717615
2764,2022,10,1,5,171137
2765,2022,10,1,6,798689
2766,2022,10,1,7,301682
2767,2022,10,1,0,48712219
2768,2022,10,2,1,36270949
2769,2022,10,2,2,61728781
2770,2022,10,2,3,1679472
2771,2022,10,2,4,23215986
2772,2022,10,2,5,487151
2773,2022,10,2,6,954318
2774,2022,10,2,7,728423
2775,2022,10,2,0,125065080
2776,2022,10,3,1,49794761
2777,2022,10,3,2,56686897
2778,2022,10,3,3,10990543
2779,2022,10,3,4,61783567
2780,2022,10,3,5,1181266
2781,2022,10,3,6,1530340
2782,2022,10,3,7,865287
2783,2022,10,3,0,182832661
2784,2022,10,4,1,49721562
2785,2022,10,4,2,65321555
2786,2022,10,4,3,4255611
2787,2022,10,4,4,152835804
2788,2022,10,4,5,3891328
2789,2022,10,4,6,2253923
2790,2022,10,4,7,410976
2791,2022,10,4,0,278690759
2792,2022,10,5,1,25164723
2793,2022,10,5,2,23409059
2794,2022,10,5,3,2199013
2795,2022,10,5,4,3487924
2796,2022,10,5,5,639628
2797,2022,10,5,6,1021102
2798,2022,10,5,7,357315
2799,2022,10,5,0,56278764
2800,2016,11,1,1,10639115
2801,2016,11,1,2,25781465
2802,2016,11,1,3,3007270
2803,2016,11,1,4,2232490
2804,2016,11,1,5,95335
2805,2016,11,1,6,757152
2806,2016,11,1,7,1152659
2807,2016,11,1,0,43665486
2808,2016,11,2,1,34167920
2809,2016,11,2,2,56883893
2810,2016,11,2,3,1487418
2811,2016,11,2,4,25599609
2812,2016,11,2,5,679613
2813,2016,11,2,6,1243330
2814,2016,11,2,7,1599744
2815,2016,11,2,0,121661527
2816,2016,11,3,1,47060257
2817,2016,11,3,2,52293240
2818,2016,11,3,3,10467931
2819,2016,11,3,4,60592421
2820,2016,11,3,5,1457249
2821,2016,11,3,6,1626969
2822,2016,11,3,7,2466156
2823,2016,11,3,0,175964223
2824,2016,11,4,1,42045739
2825,2016,11,4,2,51036389
2826,2016,11,4,3,4242835
2827,2016,11,4,4,177188614
2828,2016,11,4,5,3942695
2829,2016,11,4,6,2672007
2830,2016,11,4,7,1615307
2831,2016,11,4,0,282743586
2832,2016,11,5,1,24038618
2833,2016,11,5,2,21457836
2834,2016,11,5,3,2548164
2835,2016,11,5,4,3470680
2836,2016,11,5,5,1296524
2837,2016,11,5,6,1103214
2838,2016,11,5,7,1743677
2839,2016,11,5,0,55658713
2840,2017,11,1,1,10837920
2841,2017,11,1,2,27157716
2842,2017,11,1,3,2971792
2843,2017,11,1,4,2238001
2844,2017,11,1,5,104802
2845,2017,11,1,6,723162
2846,2017,11,1,7,1044263
2847,2017,11,1,0,45077656
2848,2017,11,2,1,33985770
2849,2017,11,2,2,56820600
2850,2017,11,2,3,1432507
2851,2017,11,2,4,24579729
2852,2017,11,2,5,683456
2853,2017,11,2,6,1186099
2854,2017,11,2,7,1116499
2855,2017,11,2,0,119804660
2856,2017,11,3,1,47033417
2857,2017,11,3,2,52358630
2858,2017,11,3,3,10453342
2859,2017,11,3,4,61745026
2860,2017,11,3,5,1557929
2861,2017,11,3,6,1634670
2862,2017,11,3,7,2304576
2863,2017,11,3,0,177087590
2864,2017,11,4,1,42507300
2865,2017,11,4,2,53493149
2866,2017,11,4,3,4096579
2867,2017,11,4,4,173777110
2868,2017,11,4,5,4029588
2869,2017,11,4,6,2488543
2870,2017,11,4,7,1389244
2871,2017,11,4,0,281781513
2872,2017,11,5,1,23872996
2873,2017,11,5,2,22233823
2874,2017,11,5,3,2438069
2875,2017,11,5,4,3841575
2876,2017,11,5,5,1330435
2877,2017,11,5,6,1051360
2878,2017,11,5,7,1534940
2879,2017,11,5,0,56303198
2880,2018,11,1,1,11193546
2881,2018,11,1,2,26979182
2882,2018,11,1,3,2977627
2883,2018,11,1,4,2357143
2884,2018,11,1,5,121223
2885,2018,11,1,6,831083
2886,2018,11,1,7,1027111
2887,2018,11,1,0,45486915
2888,2018,11,2,1,33992879
2889,2018,11,2,2,56430100
2890,2018,11,2,3,1481633
2891,2018,11,2,4,24826212
2892,2018,11,2,5,748258
2893,2018,11,2,6,1176318
2894,2018,11,2,7,1297419
2895,2018,11,2,0,119952819
2896,2018,11,3,1,48541642
2897,2018,11,3,2,52343740
2898,2018,11,3,3,10278631
2899,2018,11,3,4,57994520
2900,2018,11,3,5,1707602
2901,2018,11,3,6,1648979
2902,2018,11,3,7,2373952
2903,2018,11,3,0,174889066
2904,2018,11,4,1,43459864
2905,2018,11,4,2,53950116
2906,2018,11,4,3,4073359
2907,2018,11,4,4,166290085
2908,2018,11,4,5,4357198
2909,2018,11,4,6,2468226
2910,2018,11,4,7,1457560
2911,2018,11,4,0,276056408
2912,2018,11,5,1,24092095
2913,2018,11,5,2,22146912
2914,2018,11,5,3,2472140
2915,2018,11,5,4,3445075
2916,2018,11,5,5,1452536
2917,2018,11,5,6,1129535
2918,2018,11,5,7,1476454
2919,2018,11,5,0,56214747
2920,2019,11,1,1,11903891
2921,2019,11,1,2,26480395
2922,2019,11,1,3,2833999
2923,2019,11,1,4,2384090
2924,2019,11,1,5,91104
2925,2019,11,1,6,826906
2926,2019,11,1,7,758718
2927,2019,11,1,0,45279103
2928,2019,11,2,1,34033009
2929,2019,11,2,2,56911016
2930,2019,11,2,3,1450687
2931,2019,11,2,4,24362591
2932,2019,11,2,5,884969
2933,2019,11,2,6,1250890
2934,2019,11,2,7,1120926
2935,2019,11,2,0,120014088
2936,2019,11,3,1,47979122
2937,2019,11,3,2,52922839
2938,2019,11,3,3,10326423
2939,2019,11,3,4,60748711
2940,2019,11,3,5,1638026
2941,2019,11,3,6,1898817
2942,2019,11,3,7,1858334
2943,2019,11,3,0,177372272
2944,2019,11,4,1,44589002
2945,2019,11,4,2,55238777
2946,2019,11,4,3,3895190
2947,2019,11,4,4,153911734
2948,2019,11,4,5,3732334
2949,2019,11,4,6,2577917
2950,2019,11,4,7,1054949
2951,2019,11,4,0,264999903
2952,2019,11,5,1,24556637
2953,2019,11,5,2,22037222
2954,2019,11,5,3,2316298
2955,2019,11,5,4,2887889
2956,2019,11,5,5,1302091
2957,2019,11,5,6,1177195
2958,2019,11,5,7,1190629
2959,2019,11,5,0,55467961
2960,2020,11,1,1,13149961
2961,2020,11,1,2,25799248
2962,2020,11,1,3,2632681
2963,2020,11,1,4,2465147
2964,2020,11,1,5,90608
2965,2020,11,1,6,855856
2966,2020,11,1,7,759606
2967,2020,11,1,0,45753107
2968,2020,11,2,1,35108200
2969,2020,11,2,2,56161116
2970,2020,11,2,3,1444459
2971,2020,11,2,4,24144008
2972,2020,11,2,5,601833
2973,2020,11,2,6,1088762
2974,2020,11,2,7,1128172
2975,2020,11,2,0,119676550
2976,2020,11,3,1,50127271
2977,2020,11,3,2,52717746
2978,2020,11,3,3,10200533
2979,2020,11,3,4,58860896
2980,2020,11,3,5,1688100
2981,2020,11,3,6,1782019
2982,2020,11,3,7,1877039
2983,2020,11,3,0,177253604
2984,2020,11,4,1,47283725
2985,2020,11,4,2,55752640
2986,2020,11,4,3,3792752
2987,2020,11,4,4,167580918
2988,2020,11,4,5,3878472
2989,2020,11,4,6,2532775
2990,2020,11,4,7,1178558
2991,2020,11,4,0,281999840
2992,2020,11,5,1,25558272
2993,2020,11,5,2,22488762
2994,2020,11,5,3,2261434
2995,2020,11,5,4,2838250
2996,2020,11,5,5,1167816
2997,2020,11,5,6,1145869
2998,2020,11,5,7,1291583
2999,2020,11,5,0,56751986
3000,2021,11,1,1,13849282
3001,2021,11,1,2,26865120
3002,2021,11,1,3,2847110
3003,2021,11,1,4,2658458
3004,2021,11,1,5,112542
3005,2021,11,1,6,847535
3006,2021,11,1,7,701584
3007,2021,11,1,0,47881631
3008,2021,11,2,1,35595075
3009,2021,11,2,2,58497630
3010,2021,11,2,3,1604890
3011,2021,11,2,4,23571353
3012,2021,11,2,5,802694
3013,2021,11,2,6,1078211
3014,2021,11,2,7,1008045
3015,2021,11,2,0,122157898
3016,2021,11,3,1,51080214
3017,2021,11,3,2,55255082
3018,2021,11,3,3,11025618
3019,2021,11,3,4,59130103
3020,2021,11,3,5,1794297
3021,2021,11,3,6,1739025
3022,2021,11,3,7,1844583
3023,2021,11,3,0,181868922
3024,2021,11,4,1,48864025
3025,2021,11,4,2,59854682
3026,2021,11,4,3,4383220
3027,2021,11,4,4,178768537
3028,2021,11,4,5,4523369
3029,2021,11,4,6,2479247
3030,2021,11,4,7,1031994
3031,2021,11,4,0,299905074
3032,2021,11,5,1,26285864
3033,2021,11,5,2,23549022
3034,2021,11,5,3,2516148
3035,2021,11,5,4,3048052
3036,2021,11,5,5,1218877
3037,2021,11,5,6,1123955
3038,2021,11,5,7,1258177
3039,2021,11,5,0,59000095
3040,2022,11,1,1,13904615
3041,2022,11,1,2,25937566
3042,2022,11,1,3,2783239
3043,2022,11,1,4,2640646
3044,2022,11,1,5,182804
3045,2022,11,1,6,822383
3046,2022,11,1,7,571699
3047,2022,11,1,0,46842952
3048,2022,11,2,1,34537073
3049,2022,11,2,2,56623434
3050,2022,11,2,3,1501239
3051,2022,11,2,4,25504142
3052,2022,11,2,5,689126
3053,2022,11,2,6,1092889
3054,2022,11,2,7,967442
3055,2022,11,2,0,120915345
3056,2022,11,3,1,50150996
3057,2022,11,3,2,54322994
3058,2022,11,3,3,10729983
3059,2022,11,3,4,60787370
3060,2022,11,3,5,1656151
3061,2022,11,3,6,1660747
3062,2022,11,3,7,1634691
3063,2022,11,3,0,180942932
3064,2022,11,4,1,48018867
3065,2022,11,4,2,60526350
3066,2022,11,4,3,4020939
3067,2022,11,4,4,161685323
3068,2022,11,4,5,5923452
3069,2022,11,4,6,2450050
3070,2022,11,4,7,929201
3071,2022,11,4,0,283554182
3072,2022,11,5,1,25546801
3073,2022,11,5,2,23110830
3074,2022,11,5,3,2436434
3075,2022,11,5,4,3816608
3076,2022,11,5,5,1371182
3077,2022,11,5,6,1054782
3078,2022,11,5,7,932477
3079,2022,11,5,0,58269114
3080,2016,12,1,1,11093412
3081,2016,12,1,2,31459960
3082,2016,12,1,3,3789519
3083,2016,12,1,4,2611945
3084,2016,12,1,5,99870
3085,2016,12,1,6,782535
3086,2016,12,1,7,1869778
3087,2016,12,1,0,51707019
3088,2016,12,2,1,35354551
3089,2016,12,2,2,63222215
3090,2016,12,2,3,2220580
3091,2016,12,2,4,28379096
3092,2016,12,2,5,432404
3093,2016,12,2,6,1355151
3094,2016,12,2,7,2343737
3095,2016,12,2,0,133307734
3096,2016,12,3,1,48650407
3097,2016,12,3,2,59345992
3098,2016,12,3,3,13183055
3099,2016,12,3,4,61275715
3100,2016,12,3,5,1847586
3101,2016,12,3,6,1694609
3102,2016,12,3,7,4154617
3103,2016,12,3,0,190151981
3104,2016,12,4,1,43506923
3105,2016,12,4,2,57481753
3106,2016,12,4,3,5718776
3107,2016,12,4,4,180296479
3108,2016,12,4,5,4638876
3109,2016,12,4,6,2750903
3110,2016,12,4,7,3415040
3111,2016,12,4,0,297808750
3112,2016,12,5,1,24942066
3113,2016,12,5,2,24625192
3114,2016,12,5,3,3532815
3115,2016,12,5,4,3249337
3116,2016,12,5,5,916129
3117,2016,12,5,6,1199002
3118,2016,12,5,7,2829903
3119,2016,12,5,0,61294444
3120,2017,12,1,1,11639772
3121,2017,12,1,2,32974307
3122,2017,12,1,3,3954275
3123,2017,12,1,4,2720899
3124,2017,12,1,5,101735
3125,2017,12,1,6,764778
3126,2017,12,1,7,1868057
3127,2017,12,1,0,54023823
3128,2017,12,2,1,35647715
3129,2017,12,2,2,66677727
3130,2017,12,2,3,2561928
3131,2017,12,2,4,25494273
3132,2017,12,2,5,496676
3133,2017,12,2,6,1300611
3134,2017,12,2,7,2202586
3135,2017,12,2,0,134381516
3136,2017,12,3,1,50225505
3137,2017,12,3,2,63224363
3138,2017,12,3,3,14640075
3139,2017,12,3,4,61780169
3140,2017,12,3,5,2119955
3141,2017,12,3,6,1708101
3142,2017,12,3,7,4329731
3143,2017,12,3,0,198027899
3144,2017,12,4,1,44738832
3145,2017,12,4,2,63402863
3146,2017,12,4,3,6536298
3147,2017,12,4,4,173354865
3148,2017,12,4,5,4876672
3149,2017,12,4,6,2570310
3150,2017,12,4,7,3402451
3151,2017,12,4,0,298882291
3152,2017,12,5,1,25562564
3153,2017,12,5,2,27314857
3154,2017,12,5,3,3952360
3155,2017,12,5,4,4006887
3156,2017,12,5,5,906770
3157,2017,12,5,6,1131727
3158,2017,12,5,7,2828102
3159,2017,12,5,0,65703267
3160,2018,12,1,1,11773438
3161,2018,12,1,2,31170303
3162,2018,12,1,3,3611654
3163,2018,12,1,4,2685891
3164,2018,12,1,5,97694
3165,2018,12,1,6,830461
3166,2018,12,1,7,1547414
3167,2018,12,1,0,51716855
3168,2018,12,2,1,35473355
3169,2018,12,2,2,62927784
3170,2018,12,2,3,2202235
3171,2018,12,2,4,25855084
3172,2018,12,2,5,506397
3173,2018,12,2,6,1279664
3174,2018,12,2,7,1761978
3175,2018,12,2,0,130006497
3176,2018,12,3,1,50531029
3177,2018,12,3,2,59092945
3178,2018,12,3,3,9459015
3179,2018,12,3,4,58519283
3180,2018,12,3,5,1905085
3181,2018,12,3,6,1842311
3182,2018,12,3,7,3725620
3183,2018,12,3,0,185075288
3184,2018,12,4,1,45209037
3185,2018,12,4,2,60045141
3186,2018,12,4,3,5804296
3187,2018,12,4,4,166288665
3188,2018,12,4,5,4647099
3189,2018,12,4,6,2554837
3190,2018,12,4,7,2864911
3191,2018,12,4,0,287413986
3192,2018,12,5,1,25434810
3193,2018,12,5,2,25633282
3194,2018,12,5,3,3500682
3195,2018,12,5,4,3465956
3196,2018,12,5,5,924032
3197,2018,12,5,6,1213253
3198,2018,12,5,7,2426062
3199,2018,12,5,0,62598077
3200,2019,12,1,1,12664312
3201,2019,12,1,2,30554417
3202,2019,12,1,3,3653243
3203,2019,12,1,4,2681137
3204,2019,12,1,5,89425
3205,2019,12,1,6,810139
3206,2019,12,1,7,1356160
3207,2019,12,1,0,51808833
3208,2019,12,2,1,35462315
3209,2019,12,2,2,63654554
3210,2019,12,2,3,2290191
3211,2019,12,2,4,25177040
3212,2019,12,2,5,530809
3213,2019,12,2,6,1310650
3214,2019,12,2,7,1635863
3215,2019,12,2,0,130061422
3216,2019,12,3,1,50460720
3217,2019,12,3,2,60340192
3218,2019,12,3,3,13676765
3219,2019,12,3,4,53123531
3220,2019,12,3,5,1944666
3221,2019,12,3,6,1977906
3222,2019,12,3,7,3286224
3223,2019,12,3,0,184810004
3224,2019,12,4,1,46235650
3225,2019,12,4,2,61931655
3226,2019,12,4,3,6091426
3227,2019,12,4,4,158212543
3228,2019,12,4,5,4483572
3229,2019,12,4,6,2673831
3230,2019,12,4,7,2599177
3231,2019,12,4,0,282227854
3232,2019,12,5,1,25729713
3233,2019,12,5,2,25789475
3234,2019,12,5,3,3509370
3235,2019,12,5,4,2957272
3236,2019,12,5,5,941864
3237,2019,12,5,6,1185885
3238,2019,12,5,7,2229602
3239,2019,12,5,0,62343181
3240,2020,12,1,1,14235306
3241,2020,12,1,2,29805034
3242,2020,12,1,3,3349530
3243,2020,12,1,4,2853158
3244,2020,12,1,5,83226
3245,2020,12,1,6,850821
3246,2020,12,1,7,1222820
3247,2020,12,1,0,52399895
3248,2020,12,2,1,36660230
3249,2020,12,2,2,61925391
3250,2020,12,2,3,2086552
3251,2020,12,2,4,24152664
3252,2020,12,2,5,434999
3253,2020,12,2,6,1167003
3254,2020,12,2,7,1501171
3255,2020,12,2,0,127928010
3256,2020,12,3,1,53222001
3257,2020,12,3,2,59742041
3258,2020,12,3,3,13493808
3259,2020,12,3,4,59970821
3260,2020,12,3,5,2011603
3261,2020,12,3,6,1853878
3262,2020,12,3,7,3037954
3263,2020,12,3,0,193332106
3264,2020,12,4,1,49198893
3265,2020,12,4,2,61846920
3266,2020,12,4,3,5370046
3267,2020,12,4,4,172167641
3268,2020,12,4,5,4527495
3269,2020,12,4,6,2523321
3270,2020,12,4,7,2306752
3271,2020,12,4,0,297941068
3272,2020,12,5,1,26979437
3273,2020,12,5,2,25890067
3274,2020,12,5,3,3118279
3275,2020,12,5,4,2948529
3276,2020,12,5,5,915396
3277,2020,12,5,6,1144465
3278,2020,12,5,7,2018172
3279,2020,12,5,0,63014345
3280,2021,12,1,1,14309914
3281,2021,12,1,2,30767193
3282,2021,12,1,3,3617998
3283,2021,12,1,4,3074327
3284,2021,12,1,5,117691
3285,2021,12,1,6,837978
3286,2021,12,1,7,1130450
3287,2021,12,1,0,53855551
3288,2021,12,2,1,36353318
3289,2021,12,2,2,64050824
3290,2021,12,2,3,2355327
3291,2021,12,2,4,27488272
3292,2021,12,2,5,478466
3293,2021,12,2,6,1159631
3294,2021,12,2,7,1485977
3295,2021,12,2,0,133371815
3296,2021,12,3,1,53661933
3297,2021,12,3,2,61353198
3298,2021,12,3,3,14421655
3299,2021,12,3,4,60786838
3300,2021,12,3,5,2013469
3301,2021,12,3,6,1788323
3302,2021,12,3,7,2900578
3303,2021,12,3,0,196925994
3304,2021,12,4,1,49590864
3305,2021,12,4,2,65482168
3306,2021,12,4,3,6006802
3307,2021,12,4,4,182339770
3308,2021,12,4,5,4705696
3309,2021,12,4,6,2613975
3310,2021,12,4,7,2136999
3311,2021,12,4,0,312876274
3312,2021,12,5,1,27177488
3313,2021,12,5,2,26381684
3314,2021,12,5,3,3467499
3315,2021,12,5,4,3348844
3316,2021,12,5,5,956589
3317,2021,12,5,6,1134243
3318,2021,12,5,7,1918451
3319,2021,12,5,0,64384798
3320,2022,12,1,1,15112894
3321,2022,12,1,2,31046732
3322,2022,12,1,3,3536312
3323,2022,12,1,4,3064951
3324,2022,12,1,5,164844
3325,2022,12,1,6,826212
3326,2022,12,1,7,933597
3327,2022,12,1,0,54685542
3328,2022,12,2,1,35741374
3329,2022,12,2,2,63473543
3330,2022,12,2,3,2340582
3331,2022,12,2,4,26773505
3332,2022,12,2,5,382922
3333,2022,12,2,6,1169389
3334,2022,12,2,7,1273849
3335,2022,12,2,0,131155164
3336,2022,12,3,1,53211681
3337,2022,12,3,2,62735214
3338,2022,12,3,3,15457204
3339,2022,12,3,4,61295238
3340,2022,12,3,5,1663350
3341,2022,12,3,6,1726078
3342,2022,12,3,7,2620725
3343,2022,12,3,0,198709490
3344,2022,12,4,1,49574177
3345,2022,12,4,2,67525642
3346,2022,12,4,3,6157714
3347,2022,12,4,4,160994244
3348,2022,12,4,5,5541983
3349,2022,12,4,6,2499654
3350,2022,12,4,7,1885138
3351,2022,12,4,0,294178552
3352,2022,12,5,1,26932740
3353,2022,12,5,2,27187630
3354,2022,12,5,3,3668155
3355,2022,12,5,4,4131545
3356,2022,12,5,5,871011
3357,2022,12,5,6,1095604
3358,2022,12,5,7,1752990
3359,2022,12,5,0,65639675
