,Unnamed: 0,year,month,day,temp,cloud,rainfall_total,Humidity_mean,solar,customer,demand_max(Wh),usage(kWh)
0,0,2021,1,1,-0.6,7.3,0.0,83.1,9.0,783260,"49,968,118.15","11,154,070.87"
1,1,2021,1,2,-0.3,3.8,0.5,67.8,12.54,783281,"43,576,388.06","10,820,313.94"
2,2,2021,1,3,-0.6,7.3,0.0,54.6,10.37,783288,"44,345,831.21","10,577,876.27"
3,3,2021,1,4,1.2,3.1,0.0,71.8,10.07,783288,"49,666,971.53","11,410,542.58"
4,4,2021,1,5,-0.2,8.0,0.0,64.9,7.74,783310,"44,114,435.78","11,097,614.74"
5,5,2021,1,6,-2.4,7.5,1.2,65.9,10.95,783287,"250,647,650.98","13,483,005.42"
6,6,2021,1,7,-8.4,8.6,2.0,69.1,5.16,783266,"47,705,196.65","12,136,136.59"
7,7,2021,1,8,-9.9,2.8,0.0,55.8,12.15,783436,"53,668,802.90","12,821,846.23"
8,8,2021,1,9,-7.6,1.9,0.0,52.6,13.02,697997,"1,076,574,227.21","22,396,185.19"
9,9,2021,1,10,-5.1,4.4,0.0,74.3,9.5,697966,"51,608,225.95","11,128,492.40"
10,10,2021,1,11,-2.1,8.1,0.0,78.6,5.82,697966,"44,021,964.05","12,152,456.72"
11,11,2021,1,12,-0.5,5.5,0.0,80.4,10.78,697890,"44,297,935.63","12,172,820.50"
12,12,2021,1,13,4.3,3.4,0.0,77.5,11.74,697757,"44,700,574.58","11,826,793.14"
13,13,2021,1,14,6.6,0.1,0.0,76.8,12.16,697708,"45,528,155.18","11,263,504.16"
14,14,2021,1,15,7.9,8.0,0.0,83.9,7.46,697703,"50,697,525.74","11,632,766.19"
15,15,2021,1,16,0.3,8.3,0.0,60.9,7.43,697612,"43,369,093.82","11,311,041.43"
16,16,2021,1,17,-1.5,4.6,0.0,60.4,13.86,697621,"48,256,148.76","10,975,681.50"
17,17,2021,1,18,0.6,8.0,4.0,77.1,5.69,697615,"52,462,598.54","11,628,328.85"
18,18,2021,1,19,-1.3,0.0,0.0,46.0,14.39,697561,"44,539,508.64","11,704,741.50"
19,19,2021,1,20,3.2,2.6,0.0,51.1,13.68,697621,"49,980,983.64","11,663,196.29"
20,20,2021,1,21,7.6,8.3,6.8,81.4,5.47,697440,"43,991,190.65","11,361,640.29"
21,21,2021,1,22,9.4,9.9,2.9,97.9,4.14,697286,"49,362,831.00","10,826,742.68"
22,22,2021,1,23,9.3,10.0,4.0,96.8,3.29,697075,"42,324,986.14","10,337,419.98"
23,23,2021,1,24,8.8,3.6,0.0,70.5,12.93,697065,"41,435,239.03","10,343,845.57"
24,24,2021,1,25,8.8,5.1,0.0,66.8,13.75,697062,"45,719,726.33","10,734,353.24"
25,25,2021,1,26,6.5,9.8,8.7,90.6,3.79,696657,"121,941,714.96","14,122,003.59"
26,26,2021,1,27,5.1,4.9,0.0,41.8,14.25,696375,"44,919,990.48","10,988,331.94"
27,27,2021,1,28,0.7,7.9,1.0,71.8,6.84,696245,"55,912,527.19","11,950,043.23"
28,28,2021,1,29,-3.2,2.5,0.0,63.8,15.34,695954,"44,656,748.88","11,762,888.42"
29,29,2021,1,30,1.8,4.6,0.1,74.0,9.81,695755,"48,106,043.81","11,387,336.07"
30,30,2021,1,31,6.2,6.0,1.8,77.6,11.52,695641,"51,092,094.94","10,946,838.55"
31,31,2021,2,1,8.3,9.1,11.6,90.6,4.36,695648,"42,817,324.39","10,827,504.23"
32,32,2021,2,2,-1.0,0.6,0.0,45.6,16.45,695378,"164,012,153.50","11,988,750.99"
33,33,2021,2,3,0.3,2.0,0.0,50.3,16.03,695378,"54,992,772.24","11,144,786.22"
34,34,2021,2,4,1.6,1.3,1.1,49.1,16.67,696170,"50,299,933.27","10,636,186.02"
35,35,2021,2,5,2.8,6.1,0.0,41.0,11.02,696231,"44,263,394.83","11,207,579.60"
36,36,2021,2,6,5.7,6.9,0.0,71.4,6.55,695699,"41,713,886.14","10,613,986.48"
37,37,2021,2,7,7.4,4.0,0.0,65.8,14.14,695710,"40,098,807.38","10,625,817.49"
38,38,2021,2,8,0.3,0.0,0.0,44.8,17.29,695714,"44,448,821.26","11,118,687.87"
39,39,2021,2,9,1.7,0.0,0.0,40.1,17.32,695480,"42,671,288.23","11,642,488.34"
40,40,2021,2,10,4.0,2.0,0.0,58.1,15.93,695307,"56,912,305.10","11,386,415.50"
41,41,2021,2,11,6.4,8.5,0.0,63.6,10.21,695196,"41,690,192.74","10,460,928.62"
42,42,2021,2,12,9.3,6.1,0.0,47.0,15.04,695197,"50,671,756.37","10,552,279.98"
43,43,2021,2,13,10.6,0.8,0.0,41.0,16.83,695201,"48,063,368.26","10,086,433.03"
44,44,2021,2,14,10.9,9.1,0.0,55.1,7.98,695204,"41,074,672.34","9,731,673.15"
45,45,2021,2,15,3.9,8.9,0.6,65.9,7.26,695205,"49,818,108.94","10,586,733.01"
46,46,2021,2,16,0.4,4.5,0.9,60.5,13.96,674766,"51,172,526.09","11,146,163.90"
47,47,2021,2,17,-4.5,9.6,1.5,83.4,6.82,674535,"52,582,732.90","12,295,603.50"
48,48,2021,2,18,-2.2,8.6,0.2,69.1,9.52,674378,"59,241,329.81","12,663,186.49"
49,49,2021,2,19,3.8,1.1,0.0,65.4,18.39,674258,"54,768,599.28","11,901,151.89"
50,50,2021,2,20,10.6,0.0,0.0,74.8,16.01,674748,"42,189,927.82","10,532,084.32"
51,51,2021,2,21,13.0,0.0,0.0,65.0,17.9,674750,"39,113,274.24","9,853,147.15"
52,52,2021,2,22,10.5,0.0,0.0,62.1,16.61,674745,"45,267,175.15","10,558,934.94"
53,53,2021,2,23,3.6,2.8,0.0,38.5,16.24,674563,"49,218,881.95","10,475,597.28"
54,54,2021,2,24,3.9,7.0,0.0,42.0,5.49,674246,"43,160,485.90","11,312,194.49"
55,55,2021,2,25,4.7,9.6,14.8,86.1,2.83,674190,"51,385,168.61","12,106,760.05"
56,56,2021,2,26,9.7,8.3,0.0,59.1,15.45,674144,"41,161,327.97","11,061,835.84"
57,57,2021,2,27,9.4,6.3,0.0,46.0,17.92,674108,"47,440,332.96","11,276,630.70"
58,58,2021,2,28,8.9,9.8,0.4,70.9,6.06,674108,"37,423,033.99","10,639,258.30"
59,59,2021,3,1,11.5,9.4,39.7,95.9,3.51,674113,"47,450,304.53","11,408,471.19"
60,60,2021,3,2,4.7,5.1,0.0,74.8,15.61,674114,"40,004,822.76","11,561,651.27"
61,61,2021,3,3,6.2,4.5,0.0,64.9,18.39,674086,"42,163,352.28","11,605,318.55"
62,62,2021,3,4,6.9,9.5,8.9,85.8,5.31,674106,"41,988,949.37","12,048,967.32"
63,63,2021,3,5,10.7,3.8,0.0,71.5,19.82,674041,"49,365,675.58","11,464,543.31"
64,64,2021,3,6,10.4,7.0,0.0,67.6,14.83,673943,"39,426,953.59","11,007,245.23"
65,65,2021,3,7,8.7,7.6,0.0,69.9,12.78,673923,"39,077,479.56","10,490,634.55"
66,66,2021,3,8,8.6,4.6,0.0,66.1,19.79,673902,"40,151,634.14","11,332,996.13"
67,67,2021,3,9,8.6,5.5,0.0,48.6,18.48,673790,"38,509,564.15","11,095,412.99"
68,68,2021,3,10,10.6,0.0,0.0,45.1,20.71,673567,"166,512,416.09","12,572,876.30"
69,69,2021,3,11,11.8,7.9,1.6,58.5,17.85,673496,"41,589,683.09","11,167,857.45"
70,70,2021,3,12,9.2,8.0,16.2,93.9,6.05,673361,"48,860,127.14","11,517,880.14"
71,71,2021,3,13,9.6,0.6,0.0,74.8,20.62,673227,"51,144,080.62","11,249,970.23"
72,72,2021,3,14,9.8,0.4,0.0,67.5,20.73,673237,"37,081,770.70","10,170,177.04"
73,73,2021,3,15,12.3,5.8,2.4,69.3,17.43,673239,"49,470,780.50","11,555,573.06"
74,74,2021,3,16,11.3,3.8,3.5,64.8,21.36,673384,"41,929,639.37","11,193,782.47"
75,75,2021,3,17,9.7,1.8,0.0,53.6,21.09,673215,"47,648,403.19","10,817,540.15"
76,76,2021,3,18,11.7,2.1,0.0,62.4,21.93,743088,"98,972,105.86","13,181,140.25"
77,77,2021,3,19,13.9,7.4,0.0,60.3,18.9,672889,"47,681,567.11","11,009,897.27"
78,78,2021,3,20,9.7,10.0,11.1,94.6,3.75,673342,"46,496,118.31","10,889,998.51"
79,79,2021,3,21,6.8,8.8,0.0,63.0,17.19,673207,"297,225,969.10","13,515,733.57"
80,80,2021,3,22,7.5,1.3,0.0,47.8,23.98,673204,"48,079,008.07","11,214,475.42"
81,81,2021,3,23,10.1,0.0,0.0,61.4,22.66,672897,"49,606,596.36","10,853,492.22"
82,82,2021,3,24,11.8,5.4,0.0,56.3,15.14,672521,"39,582,177.24","10,539,567.61"
83,83,2021,3,25,13.3,0.3,0.0,59.9,23.73,672187,"54,497,262.89","10,364,877.55"
84,84,2021,3,26,14.8,3.6,0.0,46.9,21.84,671898,"36,536,516.59","10,167,026.07"
85,85,2021,3,27,14.7,9.4,38.5,83.6,4.23,671557,"46,205,718.36","10,353,338.54"
86,86,2021,3,28,12.4,6.8,0.5,85.6,13.85,671576,"43,753,198.32","9,702,953.98"
87,87,2021,3,29,13.1,5.1,0.0,53.0,18.87,671514,"34,130,760.31","9,692,347.10"
88,88,2021,3,30,14.0,2.8,0.0,33.0,22.3,671236,"34,675,183.94","9,564,423.46"
89,89,2021,3,31,15.3,5.4,0.0,43.6,21.86,670933,"36,438,230.18","10,209,007.40"
90,90,2021,4,1,16.7,8.1,0.0,36.6,15.06,670723,"36,230,025.43","9,685,761.60"
91,91,2021,4,2,18.7,8.0,0.0,44.3,13.43,670585,"96,378,541.61","11,774,565.78"
92,92,2021,4,3,16.8,10.0,11.6,87.8,3.49,670583,"34,710,989.62","10,258,469.10"
93,93,2021,4,4,11.0,9.6,3.3,97.9,3.6,670518,"34,834,485.38","9,737,391.71"
94,94,2021,4,5,12.4,0.0,0.0,56.3,26.75,670515,"36,578,580.70","10,156,031.24"
95,95,2021,4,6,12.4,2.8,0.0,52.4,22.13,670367,"45,405,122.33","10,200,909.49"
96,96,2021,4,7,14.1,1.0,0.0,44.0,26.05,670032,"2,280,364,441.34","33,619,790.70"
97,97,2021,4,8,12.9,2.5,0.0,40.9,26.36,669794,"44,474,825.33","9,589,594.95"
98,98,2021,4,9,13.3,2.6,0.0,41.0,24.85,669617,"34,332,553.01","9,418,898.93"
99,99,2021,4,10,13.6,2.1,0.0,54.9,23.83,669477,"68,070,330.77","9,673,208.61"
100,100,2021,4,11,15.6,2.4,0.0,38.9,26.0,669452,"85,496,908.85","9,712,601.53"
101,101,2021,4,12,13.9,10.0,16.9,78.3,4.33,669454,"41,699,200.99","10,530,207.72"
102,102,2021,4,13,10.0,6.1,0.3,76.4,17.96,669454,"44,269,330.30","9,339,219.42"
103,103,2021,4,14,9.4,2.0,0.0,41.3,27.8,669079,"72,972,997.70","9,924,175.74"
104,104,2021,4,15,11.8,3.4,0.0,36.6,24.84,669182,"173,006,213.38","14,460,832.04"
105,105,2021,4,16,13.1,9.0,0.0,67.5,10.87,668799,"35,967,949.03","9,850,072.84"
106,106,2021,4,17,11.3,2.8,0.0,55.6,25.17,668868,"63,568,397.66","10,150,712.38"
107,107,2021,4,18,11.0,0.9,0.0,49.4,27.94,668998,"44,191,536.07","10,116,177.34"
108,108,2021,4,19,12.8,0.4,0.0,53.4,28.14,668942,"34,364,368.03","10,067,214.54"
109,109,2021,4,20,15.9,1.9,0.0,48.9,27.0,668777,"31,076,241,083.78","333,404,998.00"
110,110,2021,4,21,19.2,8.1,0.0,37.9,19.37,668636,"36,566,735.88","10,011,529.60"
111,111,2021,4,22,19.7,9.5,0.0,36.5,10.47,668443,"42,754,053.82","9,834,486.62"
112,112,2021,4,23,21.3,7.6,0.0,28.4,21.81,668197,"42,165,563.64","9,880,064.72"
113,113,2021,4,24,19.1,5.5,0.0,33.5,26.14,667965,"32,420,656.73","8,983,125.41"
114,114,2021,4,25,17.8,3.1,0.0,51.1,22.24,667965,"44,454,647.64","9,458,350.74"
115,115,2021,4,26,16.5,4.8,0.0,50.6,26.52,667971,"42,297,781.90","8,846,634.54"
116,116,2021,4,27,16.6,8.6,0.0,53.8,15.23,667675,"35,030,119.51","9,587,004.80"
117,117,2021,4,28,17.9,8.3,0.0,53.8,21.43,667491,"33,058,837.03","9,269,369.12"
118,118,2021,4,29,17.4,6.1,1.8,47.5,26.41,667338,"33,582,251.93","9,442,716.28"
119,119,2021,4,30,14.7,6.1,0.3,59.8,27.07,667213,"34,233,230.35","9,425,534.27"
120,120,2021,5,1,10.6,7.6,12.8,78.8,11.22,667086,"33,217,106.21","9,709,699.05"
121,121,2021,5,2,12.3,3.9,0.0,69.5,20.18,971,"35,062,523.38","8,687,440.40"
122,122,2021,5,3,15.6,2.9,0.0,61.9,28.3,667077,"34,084,315.20","8,862,356.46"
123,123,2021,5,4,17.4,9.8,13.6,87.1,7.68,667071,"44,643,186.91","10,171,799.74"
124,124,2021,5,5,15.0,2.9,0.0,57.1,29.19,667037,"31,460,224.51","9,044,358.37"
125,125,2021,5,6,16.0,6.1,0.0,43.6,22.42,667017,"46,055,617.22","9,112,801.72"
126,126,2021,5,7,16.3,4.8,0.0,49.9,14.29,666962,"36,253,649.40","10,182,513.06"
127,127,2021,5,8,16.2,3.3,0.0,58.9,27.0,666837,"37,807,059.41","9,824,714.49"
128,128,2021,5,9,17.5,1.6,0.0,43.8,29.04,666787,"33,305,398.18","9,215,412.59"
129,129,2021,5,10,18.3,9.5,0.0,39.8,11.37,666779,"32,489,951.74","9,754,259.83"
130,130,2021,5,11,19.4,9.3,0.0,55.8,13.85,666736,"45,687,759.53","10,086,434.16"
131,131,2021,5,12,22.2,4.9,0.0,48.5,23.31,666654,"45,521,609.11","9,996,657.93"
132,132,2021,5,13,22.5,2.8,0.0,62.8,27.09,666616,"48,304,202.81","9,889,388.13"
133,133,2021,5,14,23.0,8.5,0.0,66.8,20.85,666656,"59,310,293.33","9,427,237.72"
134,134,2021,5,15,21.6,10.0,30.2,96.1,6.27,666961,"34,198,756.22","9,701,934.40"
135,135,2021,5,16,20.8,10.0,59.6,99.0,5.31,666865,"51,966,305.98","10,349,121.05"
136,136,2021,5,17,15.9,8.4,1.4,98.1,6.29,666904,"33,359,473.92","9,331,180.46"
137,137,2021,5,18,18.1,7.5,0.0,82.1,20.51,666857,"32,743,812.79","8,875,947.61"
138,138,2021,5,19,21.2,6.4,0.0,63.3,26.71,666878,"42,172,997.21","9,516,881.62"
139,139,2021,5,20,16.5,9.9,11.2,93.4,5.17,666976,"43,599,119.26","10,095,373.64"
140,140,2021,5,21,16.4,6.5,0.2,82.1,19.07,666846,"34,829,535.67","9,611,809.57"
141,141,2021,5,22,19.3,1.5,0.0,67.3,29.55,666787,"43,012,038.05","9,311,177.23"
142,142,2021,5,23,22.0,5.9,0.0,66.4,25.99,666787,"31,231,882.46","8,875,300.77"
143,143,2021,5,24,19.9,5.0,0.4,68.9,25.07,666788,"42,671,540.21","9,654,598.78"
144,144,2021,5,25,17.6,5.4,0.0,62.1,24.88,666765,"43,436,189.98","8,701,136.38"
145,145,2021,5,26,18.3,10.0,0.0,59.8,15.72,667470,"42,490,999.99","8,768,260.31"
146,146,2021,5,27,16.8,5.9,0.0,84.9,14.99,667618,"41,699,670.74","9,099,135.42"
147,147,2021,5,28,17.9,4.1,10.0,80.6,19.25,667625,"133,946,276.21","13,406,684.80"
148,148,2021,5,29,19.4,1.1,0.0,68.8,29.2,667556,"50,577,395.35","9,745,642.88"
149,149,2021,5,30,22.1,2.4,0.0,49.1,29.57,668276,"68,822,908.97","10,266,142.51"
150,150,2021,5,31,23.7,3.0,0.0,43.0,28.51,668191,"61,456,926.48","10,942,494.36"
151,151,2021,6,1,23.5,4.0,0.0,51.3,27.42,668291,"43,770,318.43","10,171,579.92"
152,152,2021,6,2,23.4,6.6,0.0,61.0,21.53,668041,"72,243,554.98","11,440,269.04"
153,153,2021,6,3,19.8,9.5,22.7,92.6,5.13,668080,"77,335,606.18","11,319,210.75"
154,154,2021,6,4,20.0,4.6,1.4,67.1,29.77,668269,"48,445,498.27","10,609,431.10"
155,155,2021,6,5,20.9,2.9,0.0,81.1,22.66,668516,"69,333,106.34","11,782,179.27"
156,156,2021,6,6,22.8,1.6,0.0,61.6,25.15,668849,"73,601,544.48","11,143,117.53"
157,157,2021,6,7,24.1,4.1,0.0,56.3,25.55,668849,"59,495,383.82","11,297,349.15"
158,158,2021,6,8,25.5,3.8,0.0,57.5,28.42,668849,"47,904,907.37","10,003,843.15"
159,159,2021,6,9,26.0,3.3,0.0,61.5,28.61,744440,"69,644,321.81","13,430,813.50"
160,160,2021,6,10,23.6,9.3,9.7,70.8,11.99,668850,"72,067,114.15","12,116,275.58"
161,161,2021,6,11,24.3,7.0,27.4,84.4,23.36,669017,"75,825,506.81","13,752,441.58"
162,162,2021,6,12,25.1,7.4,0.0,83.4,21.84,669063,"65,446,592.54","11,663,369.59"
163,163,2021,6,13,23.9,6.0,0.0,83.8,25.61,669327,"70,000,597.51","10,547,766.46"
164,164,2021,6,14,23.4,7.5,0.0,82.3,20.03,669060,"34,725,142.18","9,374,466.34"
165,165,2021,6,15,20.9,9.6,21.2,93.8,5.95,669378,"58,291,973.45","12,488,712.08"
166,166,2021,6,16,23.4,7.1,0.0,76.9,24.6,669475,"199,619,645.21","14,184,481.22"
167,167,2021,6,17,22.4,8.6,0.9,82.9,10.65,670094,"83,746,260.65","14,118,898.70"
168,168,2021,6,18,21.3,9.6,4.1,97.4,0.0,670287,"60,816,768.82","10,836,706.61"
169,169,2021,6,19,23.1,4.6,0.0,80.0,24.58,670700,"63,979,975.99","11,877,432.70"
170,170,2021,6,20,24.0,5.8,0.0,64.8,27.47,671346,"74,757,811.99","12,589,555.05"
171,171,2021,6,21,25.1,1.9,0.0,55.4,30.89,671380,"103,827,643.63","13,433,525.30"
172,172,2021,6,22,24.3,3.6,0.0,70.0,25.03,671569,"89,875,804.99","15,306,358.32"
173,173,2021,6,23,23.0,6.8,0.2,81.1,15.77,671992,"78,960,331.49","14,317,723.49"
174,174,2021,6,24,23.0,7.1,0.0,79.6,16.34,672116,"95,089,127.71","14,231,694.34"
175,175,2021,6,25,23.4,6.8,6.4,81.1,18.37,673310,"76,446,931.66","10,711,804.00"
176,176,2021,6,26,23.9,8.1,0.3,79.3,17.02,673736,"84,653,734.03","16,580,475.26"
177,177,2021,6,27,24.7,5.1,0.9,76.4,19.62,673698,"111,978,053.86","15,544,938.39"
178,178,2021,6,28,22.8,5.4,18.8,91.3,15.34,673776,"192,497,183.14","12,040,564.72"
179,179,2021,6,29,23.2,6.9,1.1,88.3,18.5,673776,"60,948,337.87","12,071,621.06"
180,180,2021,6,30,23.9,7.0,3.0,84.6,16.01,673776,"53,660,414.69","12,642,546.97"
181,181,2021,7,1,25.7,4.8,0.0,77.6,23.86,673509,"148,136,549.69","14,798,273.28"
182,182,2021,7,2,26.1,7.1,0.0,81.8,17.21,673450,"54,033,560.71","12,404,048.85"
183,183,2021,7,3,23.7,9.0,27.0,93.9,5.56,673622,"61,537,154.50","10,778,514.50"
184,184,2021,7,4,23.1,9.6,1.6,96.6,8.93,673581,"406,263,341.47","15,989,710.92"
185,185,2021,7,5,21.9,10.0,29.1,98.6,5.21,673334,"51,015,877.87","11,935,560.80"
186,186,2021,7,6,23.1,10.0,119.5,99.0,3.27,672730,"50,906,291.81","10,499,231.76"
187,187,2021,7,7,25.2,10.0,17.9,99.0,7.0,672731,"53,395,254.96","11,764,084.23"
188,188,2021,7,8,25.6,9.5,0.9,96.9,11.66,673744,"66,420,723.98","13,049,646.04"
189,189,2021,7,9,25.8,7.5,4.2,94.4,17.77,673394,"97,507,069.56","12,959,526.23"
190,190,2021,7,10,26.4,5.6,0.0,90.9,19.24,673551,"66,382,509.58","13,101,207.22"
191,191,2021,7,11,27.2,6.1,0.0,90.5,17.66,673388,"53,454,142.10","12,807,565.43"
192,192,2021,7,12,28.1,6.5,0.0,87.5,21.16,673571,"50,518,010.11","12,107,383.07"
193,193,2021,7,13,28.4,5.6,0.0,81.5,22.3,673211,"115,262,442.50","16,012,656.61"
194,194,2021,7,14,28.2,7.9,0.0,84.8,16.15,673236,"47,453,105.02","11,702,399.51"
195,195,2021,7,15,28.7,6.0,0.0,78.4,26.02,672764,"102,445,967.47","14,114,530.65"
196,196,2021,7,16,25.9,5.4,1.4,92.5,18.0,672783,"101,161,756.80","13,290,844.74"
197,197,2021,7,17,26.2,5.6,0.2,82.1,23.31,672347,"91,590,125.59","12,186,995.82"
198,198,2021,7,18,27.3,5.9,0.0,77.8,22.12,672534,"64,355,357.26","12,079,098.95"
199,199,2021,7,19,27.8,6.0,0.0,78.4,20.79,672344,"77,499,564.05","14,344,592.27"
200,200,2021,7,20,27.7,7.5,0.0,81.5,17.52,672336,"48,673,918.32","13,386,126.03"
201,201,2021,7,21,29.0,3.8,0.0,74.6,26.22,672130,"56,336,968.94","13,905,745.44"
202,202,2021,7,22,28.7,4.8,0.0,70.5,23.56,671878,"77,719,039.37","11,771,335.52"
203,203,2021,7,23,28.7,6.8,0.0,70.9,22.38,671722,"52,703,178.94","12,666,306.97"
204,204,2021,7,24,29.1,7.9,0.0,68.3,22.86,671728,"54,247,104.98","14,345,261.45"
205,205,2021,7,25,29.0,6.6,0.0,61.5,22.94,671778,"52,866,380.33","12,481,385.42"
206,206,2021,7,26,28.3,5.1,0.0,67.3,20.25,671782,"57,787,325.57","13,243,836.18"
207,207,2021,7,27,28.3,1.8,0.0,67.9,19.96,671784,"50,282,801.06","13,662,594.69"
208,208,2021,7,28,28.9,4.4,0.0,71.9,19.15,671873,"60,460,819.18","14,356,534.27"
209,209,2021,7,29,29.0,4.9,0.0,72.9,20.75,671975,"48,548,861.64","13,408,822.34"
210,210,2021,7,30,28.1,6.3,0.4,77.5,20.07,672183,"55,504,163.30","13,378,938.42"
211,211,2021,7,31,29.1,6.3,25.4,80.1,23.36,672417,"60,166,798.94","14,285,401.19"
212,212,2021,8,1,28.2,8.6,1.0,86.3,16.19,672669,"59,741,227.54","13,897,061.90"
213,213,2021,8,2,26.9,9.3,45.3,96.1,12.71,672685,"51,826,734.02","13,395,144.34"
214,214,2021,8,3,27.0,7.0,9.9,90.5,17.07,672716,"54,468,286.03","13,773,789.27"
215,215,2021,8,4,28.6,3.4,0.0,79.5,23.1,672872,"77,999,062.82","15,033,661.90"
216,216,2021,8,5,28.8,4.1,0.0,79.3,18.02,673149,"65,096,323.58","16,194,826.47"
217,217,2021,8,6,26.6,3.8,59.4,85.0,24.15,673557,"67,710,076.06","14,338,019.24"
218,218,2021,8,7,27.8,4.8,0.0,79.1,25.37,673923,"55,171,190.83","13,151,978.22"
219,219,2021,8,8,26.0,7.6,5.0,91.0,10.24,674401,"49,398,400.54","12,719,199.07"
220,220,2021,8,9,27.2,5.0,0.0,81.3,25.99,674409,"79,244,218.18","16,930,617.66"
221,221,2021,8,10,27.6,7.0,0.0,80.6,20.12,674442,"49,335,258.82","12,539,401.13"
222,222,2021,8,11,26.5,5.3,0.0,83.1,17.82,674909,"51,289,804.66","12,537,573.79"
223,223,2021,8,12,26.3,7.1,0.6,84.8,14.3,675507,"52,054,086.41","13,431,151.24"
224,224,2021,8,13,25.6,9.3,4.0,90.0,11.44,676046,"43,472,328.50","10,473,601.31"
225,225,2021,8,14,24.3,7.9,12.8,88.9,15.5,676046,"42,814,423.10","9,475,584.51"
226,226,2021,8,15,24.7,7.3,13.7,87.5,16.53,676251,"54,297,614.59","10,181,863.44"
227,227,2021,8,16,25.7,4.6,0.0,79.5,0.0,676259,"63,639,484.51","12,860,578.75"
228,228,2021,8,17,25.5,7.0,17.2,73.9,24.47,676259,"51,949,835.71","11,993,767.10"
229,229,2021,8,18,22.7,6.9,22.7,93.4,13.72,676314,"81,117,410.45","15,008,253.08"
230,230,2021,8,19,22.7,6.4,19.2,90.6,15.44,676374,"63,170,026.01","11,182,936.97"
231,231,2021,8,20,24.8,3.1,0.0,84.0,21.48,676580,"50,678,367.53","9,993,453.70"
232,232,2021,8,21,24.5,9.0,19.9,98.0,3.8,676669,"59,229,861.29","10,906,039.21"
233,233,2021,8,22,25.8,7.9,0.0,89.5,18.26,676741,"45,671,592.89","9,931,263.79"
234,234,2021,8,23,24.1,9.9,30.6,98.8,0.0,676743,"59,794,723.85","11,388,236.44"
235,235,2021,8,24,25.2,9.4,29.6,98.8,0.0,676743,"64,281,835.97","11,912,486.07"
236,236,2021,8,25,25.2,9.8,10.7,97.9,8.42,676743,"72,569,591.98","12,488,444.70"
237,237,2021,8,26,26.3,5.9,0.0,82.4,21.14,676872,"50,335,568.93","11,039,799.68"
238,238,2021,8,27,23.5,8.3,10.6,98.9,7.63,676912,"48,996,060.84","11,099,480.96"
239,239,2021,8,28,25.1,6.1,0.0,84.3,19.74,676983,"48,157,351.42","11,036,569.49"
240,240,2021,8,29,25.5,9.5,24.6,97.8,9.2,677417,"49,517,271.84","11,834,215.47"
241,241,2021,8,30,25.5,7.9,1.9,91.0,16.25,677420,"53,415,478.82","12,016,367.33"
242,242,2021,8,31,26.5,7.0,0.0,89.5,18.43,677457,"51,136,307.26","11,145,382.13"
243,243,2021,9,1,24.5,9.4,45.7,97.4,5.5,678062,"48,376,385.26","11,683,753.69"
244,244,2021,9,2,21.6,9.5,3.4,98.4,5.69,678733,"40,720,079.45","9,521,049.45"
245,245,2021,9,3,22.4,8.8,1.3,94.1,14.17,679361,"46,479,865.66","10,212,886.76"
246,246,2021,9,4,23.4,8.8,0.0,88.6,13.17,680075,"46,564,818.72","10,170,390.87"
247,247,2021,9,5,21.6,10.0,1.1,91.1,5.99,680607,"40,416,713.14","9,753,544.72"
248,248,2021,9,6,21.2,9.9,2.1,93.3,6.07,680610,"47,572,271.28","9,271,357.58"
249,249,2021,9,7,22.4,9.3,2.4,94.4,6.73,680650,"48,160,219.63","11,034,311.57"
250,250,2021,9,8,22.7,5.9,0.0,84.4,19.76,681367,"49,047,976.78","11,054,374.04"
251,251,2021,9,9,23.1,7.8,0.0,84.5,16.68,682026,"75,545,713.27","11,415,963.93"
252,252,2021,9,10,23.1,8.5,0.0,93.0,7.33,682856,"54,466,914.02","10,599,922.95"
253,253,2021,9,11,24.9,2.9,0.0,83.9,20.67,683624,"54,709,346.45","11,548,920.88"
254,254,2021,9,12,24.8,7.0,0.0,83.3,18.2,684358,"46,610,488.46","13,267,265.40"
255,255,2021,9,13,24.2,8.8,0.0,69.8,15.62,684377,"52,208,098.03","13,009,049.55"
256,256,2021,9,14,22.5,9.3,2.5,85.1,7.06,684428,"53,235,318.82","13,071,093.72"
257,257,2021,9,15,24.1,5.0,0.0,64.1,22.98,685171,"64,282,424.42","14,928,813.06"
258,258,2021,9,16,21.3,7.8,2.0,82.5,9.8,686276,"53,086,284.07","12,426,947.37"
259,259,2021,9,17,23.2,7.6,3.2,86.5,15.23,687355,"184,710,661.46","19,025,449.75"
260,260,2021,9,18,23.3,7.1,0.0,81.8,13.75,688227,"64,661,302.66","14,634,470.03"
261,261,2021,9,19,23.5,4.0,0.0,77.1,17.94,689437,"71,122,591.75","14,940,599.77"
262,262,2021,9,20,23.9,4.6,0.0,78.6,21.96,689816,"47,177,081.66","11,266,199.61"
263,263,2021,9,21,22.5,6.4,32.0,92.9,11.06,689817,"69,186,614.02","15,071,153.50"
264,264,2021,9,22,23.2,3.3,1.9,84.8,18.2,689821,"66,847,706.30","15,650,297.50"
265,265,2021,9,23,21.5,2.9,0.0,72.6,21.43,689828,"64,989,201.91","13,323,043.08"
266,266,2021,9,24,20.9,3.6,0.0,76.6,19.35,689850,"68,056,722.60","15,541,533.18"
267,267,2021,9,25,21.9,6.5,0.0,79.8,15.58,690726,"56,093,144.66","11,362,678.98"
268,268,2021,9,26,22.2,8.4,0.0,78.0,13.07,691665,"146,612,848.44","18,020,046.35"
269,269,2021,9,27,23.0,8.4,0.0,73.8,12.17,691671,"86,421,055.68","15,163,826.57"
270,270,2021,9,28,22.7,9.1,0.3,83.8,10.69,691706,"46,897,084.70","11,851,479.43"
271,271,2021,9,29,22.7,9.8,31.2,97.8,3.32,698076,"65,134,753.73","14,591,860.42"
272,272,2021,9,30,23.5,1.5,2.0,67.9,0.0,699473,"69,404,588.28","13,614,177.18"
273,273,2021,10,1,22.0,2.5,0.0,88.0,11.15,687167,"65,960,944.46","6,200,904.63"
274,274,2021,10,2,22.8,1.1,0.0,84.1,13.76,699563,"65,766,685.34","14,943,717.25"
275,275,2021,10,3,23.7,2.5,0.0,77.8,20.29,700204,"64,010,509.94","13,672,791.50"
276,276,2021,10,4,25.5,5.1,0.0,83.0,17.12,700220,"68,500,588.58","14,561,277.42"
277,277,2021,10,5,24.4,2.3,0.0,84.1,18.9,700232,"48,053,133.17","12,302,416.67"
278,278,2021,10,6,23.9,2.6,0.0,81.5,20.81,700275,"65,727,849.86","14,600,587.89"
279,279,2021,10,7,22.2,3.9,0.0,91.8,10.76,701212,"66,125,754.60","14,914,010.73"
280,280,2021,10,8,22.3,8.5,0.0,93.3,10.27,702167,"127,857,522.62","18,448,659.44"
281,281,2021,10,9,24.7,5.5,0.0,80.4,16.77,703905,"110,314,844.42","16,040,328.54"
282,282,2021,10,10,24.1,6.8,2.1,90.6,12.74,705122,"255,814,664.06","17,100,355.46"
283,283,2021,10,11,15.9,10.0,9.9,98.8,4.91,705136,"64,081,076.28","13,621,274.81"
284,284,2021,10,12,17.4,10.0,5.9,98.9,3.81,705146,"65,796,359.30","15,835,844.71"
285,285,2021,10,13,20.1,8.4,0.0,90.6,10.16,705187,"85,998,797.98","15,959,661.47"
286,286,2021,10,14,21.8,5.1,0.0,85.4,14.09,709069,"91,289,257.49","16,130,796.20"
287,287,2021,10,15,19.4,8.4,12.3,88.0,10.14,713638,"48,645,343.25","11,700,752.50"
288,288,2021,10,16,13.6,9.5,4.3,70.8,6.75,715895,"48,437,853.02","10,649,765.79"
289,289,2021,10,17,8.2,1.3,0.0,43.0,20.19,716126,"44,737,025.62","11,103,839.40"
290,290,2021,10,18,11.4,3.0,0.0,53.1,19.2,716143,"53,130,689.64","12,035,471.50"
291,291,2021,10,19,11.9,6.0,0.8,77.8,11.65,717816,"67,045,096.20","14,481,354.76"
292,292,2021,10,20,10.5,7.3,0.0,64.0,13.02,721029,"61,815,861.89","12,556,513.31"
293,293,2021,10,21,11.3,4.5,0.0,71.3,17.83,722240,"87,546,174.17","13,502,688.54"
294,294,2021,10,22,11.6,0.1,0.0,61.1,17.73,723238,"63,469,504.70","13,735,963.08"
295,295,2021,10,23,12.6,0.0,0.0,59.4,18.25,726427,"66,229,803.94","14,105,625.87"
296,296,2021,10,24,13.0,5.0,0.0,62.5,15.96,726589,"46,206,814.06","10,212,281.42"
297,297,2021,10,25,13.1,1.3,0.0,70.8,17.03,726598,"51,308,182.75","11,643,726.29"
298,298,2021,10,26,13.6,3.6,0.0,69.1,16.37,727324,"65,567,403.34","13,375,846.57"
299,299,2021,10,27,14.1,1.4,0.0,71.6,15.61,728111,"70,514,683.34","15,092,216.24"
300,300,2021,10,28,13.8,0.8,0.0,61.8,17.39,729103,"65,252,908.01","14,356,240.83"
301,301,2021,10,29,15.1,4.0,0.0,66.4,14.71,730251,"79,896,617.66","14,543,712.06"
302,302,2021,10,30,13.9,5.6,0.0,75.9,6.63,731176,"75,820,797.62","14,932,870.59"
303,303,2021,10,31,14.7,1.6,0.0,75.6,15.7,731330,"67,884,687.91","15,205,847.41"
304,304,2021,11,1,14.5,3.4,0.0,80.0,13.22,731338,"77,094,132.98","15,366,911.32"
305,305,2021,11,2,12.1,3.5,0.0,79.0,12.29,732291,"76,796,736.17","17,427,097.77"
306,306,2021,11,3,12.2,4.1,0.0,72.4,14.77,735073,"50,402,073.43","12,915,492.11"
307,307,2021,11,4,13.9,2.3,0.4,78.5,14.78,736153,"76,396,928.90","16,115,801.43"
308,308,2021,11,5,13.7,5.1,0.0,72.9,10.83,736616,"76,333,767.79","12,957,658.95"
309,309,2021,11,6,15.7,1.6,0.0,58.5,14.78,737012,"49,058,774.02","13,205,699.24"
310,310,2021,11,7,16.6,3.8,0.0,61.4,14.6,737117,"55,297,811.86","11,433,967.36"
311,311,2021,11,8,11.6,9.1,21.2,82.1,4.73,737126,"141,905,935.44","13,218,532.45"
312,312,2021,11,9,8.4,9.4,0.5,79.1,5.36,738397,"70,160,722.51","16,955,177.84"
313,313,2021,11,10,7.8,10.0,20.6,94.4,4.73,738976,"59,454,029.21","14,246,906.34"
314,314,2021,11,11,8.1,8.5,7.3,94.9,5.4,739305,"82,812,397.73","18,968,075.03"
315,315,2021,11,12,7.0,5.8,2.2,90.4,9.13,739669,"62,957,138.98","13,207,403.62"
316,316,2021,11,13,9.1,4.3,0.0,85.9,11.1,739832,"78,141,952.32","18,356,953.52"
317,317,2021,11,14,10.3,2.9,0.0,83.5,10.63,739864,"46,527,470.54","12,113,821.35"
318,318,2021,11,15,10.8,2.9,0.0,82.9,12.34,739879,"50,492,597.78","12,633,434.13"
319,319,2021,11,16,10.6,3.1,0.0,69.8,12.26,710114,"79,895,451.58","16,185,816.63"
320,320,2021,11,17,9.5,3.1,0.0,72.3,13.58,710097,"73,251,567.77","15,990,792.01"
321,321,2021,11,18,10.5,2.1,0.0,79.1,12.86,713231,"58,773,540.05","12,357,717.56"
322,322,2021,11,19,11.5,2.3,0.0,87.1,12.1,713486,"51,401,250.19","13,365,977.50"
323,323,2021,11,20,10.9,4.9,0.0,91.8,10.44,713636,"69,089,260.15","15,757,012.15"
324,324,2021,11,21,12.3,8.5,0.0,91.4,5.23,713664,"56,283,815.30","14,564,410.03"
325,325,2021,11,22,7.3,7.9,1.9,73.6,6.92,713673,"80,799,601.27","16,789,615.64"
326,326,2021,11,23,4.0,9.6,8.5,97.0,4.52,713360,"72,637,875.00","15,725,123.75"
327,327,2021,11,24,8.3,5.0,0.0,76.4,9.21,713081,"72,018,056.38","10,570,928.34"
328,328,2021,11,25,9.8,2.8,0.0,73.3,10.51,712858,"77,952,406.73","17,069,348.61"
329,329,2021,11,26,7.6,0.0,0.0,60.1,13.54,712556,"57,093,271.42","13,336,810.47"
330,330,2021,11,27,7.0,0.0,0.0,60.0,13.67,712556,"47,517,521.57","12,154,499.63"
331,331,2021,11,28,7.7,3.3,0.0,60.8,13.06,712556,"54,754,358.42","11,959,936.34"
332,332,2021,11,29,8.9,2.4,0.0,69.6,12.51,712556,"223,495,361.71","18,386,948.46"
333,333,2021,11,30,8.7,9.1,23.2,86.5,1.73,712545,"70,282,289.02","17,011,730.86"
334,334,2021,12,1,2.4,9.6,1.5,81.1,4.57,714160,"75,313,222.99","16,135,211.85"
335,335,2021,12,2,4.2,8.0,0.0,67.9,10.64,714126,"50,315,700.58","12,730,521.08"
336,336,2021,12,3,5.9,6.9,0.5,76.5,6.6,716063,"90,474,457.94","14,103,812.67"
337,337,2021,12,4,4.7,4.0,0.0,67.4,6.47,716299,"108,353,356.94","11,300,697.24"
338,338,2021,12,5,5.4,0.8,0.0,72.1,12.22,716217,"58,275,498.26","13,657,316.74"
339,339,2021,12,6,8.3,4.1,0.0,77.8,12.14,716251,"60,240,007.13","12,356,993.91"
340,340,2021,12,7,8.0,0.0,0.0,75.1,11.56,716150,"67,262,207.52","16,671,442.13"
341,341,2021,12,8,8.1,0.3,0.0,71.8,12.13,716535,"74,245,782.07","12,911,894.91"
342,342,2021,12,9,8.3,6.1,0.0,77.4,8.08,716676,"67,597,312.32","15,981,043.45"
343,343,2021,12,10,9.9,5.3,0.0,86.6,7.8,716858,"141,501,611.28","19,191,906.61"
344,344,2021,12,11,8.6,5.5,0.0,81.8,10.37,718334,"94,502,216.45","14,289,218.09"
345,345,2021,12,12,6.3,4.0,0.0,69.8,6.12,718517,"47,520,314.18","13,254,959.30"
346,346,2021,12,13,1.0,0.1,0.0,50.9,12.83,718534,"53,075,592.29","12,663,690.12"
347,347,2021,12,14,3.5,5.0,0.0,66.0,9.93,718564,"50,535,129.50","13,205,188.38"
348,348,2021,12,15,7.5,4.9,0.0,82.3,8.58,721826,"178,989,498.91","14,421,100.51"
349,349,2021,12,16,7.8,8.3,0.5,92.0,5.67,721572,"50,453,375.45","13,143,844.34"
350,350,2021,12,17,0.2,7.6,3.5,79.0,4.92,721603,"67,116,983.30","13,553,240.88"
351,351,2021,12,18,-2.3,4.1,0.0,68.5,10.5,722181,"60,432,291.77","15,878,710.25"
352,352,2021,12,19,3.3,3.9,0.1,74.3,10.55,722015,"45,584,705.62","11,941,542.96"
353,353,2021,12,20,6.1,2.1,0.0,74.8,9.46,722566,"83,277,250.03","19,216,864.87"
354,354,2021,12,21,7.0,1.1,0.0,82.9,9.63,723201,"66,789,334.27","17,028,310.49"
355,355,2021,12,22,5.8,0.0,0.0,58.0,12.23,722783,"39,350,279.47","10,424,313.28"
356,356,2021,12,23,5.4,0.9,0.0,53.4,11.48,722917,"53,547,797.83","11,256,530.03"
357,357,2021,12,24,3.7,6.0,0.0,68.8,7.21,723036,"52,786,920.02","13,781,619.76"
358,358,2021,12,25,-3.8,7.3,0.0,63.5,7.03,723044,"61,560,756.41","16,404,019.44"
359,359,2021,12,26,-5.2,1.5,0.0,53.6,12.71,722921,"78,272,118.67","20,344,289.78"
360,360,2021,12,27,-2.1,3.4,0.0,65.9,11.35,722925,"81,378,863.04","17,271,923.61"
361,361,2021,12,28,3.3,6.8,0.0,69.3,7.49,724120,"87,387,746.14","13,906,304.21"
362,362,2021,12,29,4.5,8.3,0.0,70.4,7.77,724317,"52,259,810.21","13,551,904.46"
363,363,2021,12,30,1.9,6.1,1.0,67.1,9.89,724111,"123,001,864.68","19,575,333.57"
364,364,2021,12,31,-1.9,2.9,0.0,62.5,10.95,723981,"53,408,419.92","15,011,622.00"
365,365,2022,1,1,-0.1,5.4,0.0,39.4,11.91,723966,"48,101,916.29","10,770,673.97"
366,366,2022,1,2,0.7,2.6,0.0,67.1,7.43,723985,"71,885,697.96","15,619,732.26"
367,367,2022,1,3,0.4,0.3,0.0,70.0,13.18,723981,"71,765,381.30","15,496,153.19"
368,368,2022,1,4,2.0,4.3,0.0,54.8,12.34,723980,"72,829,415.14","17,876,744.80"
369,369,2022,1,5,2.2,9.3,0.0,37.1,4.53,723872,"74,568,036.00","17,122,196.96"
370,370,2022,1,6,2.4,0.6,0.0,44.4,12.98,723968,"54,131,012.59","12,473,914.99"
371,371,2022,1,7,0.9,0.0,0.0,56.3,13.38,723914,"52,269,919.30","12,728,184.44"
372,372,2022,1,8,1.7,2.5,0.0,62.0,12.69,723509,"51,312,469.30","13,163,031.30"
373,373,2022,1,9,3.3,5.8,0.0,74.3,9.5,723521,"68,832,845.59","15,560,029.82"
374,374,2022,1,10,2.8,5.4,0.0,71.3,11.41,723618,"70,454,581.49","16,713,065.04"
375,375,2022,1,11,-1.6,9.8,0.2,82.4,8.22,723655,"70,144,238.64","15,779,107.74"
376,376,2022,1,12,-2.5,6.5,0.0,64.4,9.76,723382,"70,271,038.78","17,055,927.85"
377,377,2022,1,13,-2.5,8.9,0.0,72.0,6.38,723251,"74,003,416.20","18,697,053.71"
378,378,2022,1,14,-0.9,3.4,0.0,49.3,13.72,723103,"51,046,785.89","13,157,721.44"
379,379,2022,1,15,2.2,5.0,0.0,54.5,9.81,722906,"71,723,535.05","17,731,911.07"
380,380,2022,1,16,1.9,6.4,0.0,66.6,11.28,722846,"69,444,079.22","15,471,081.74"
381,381,2022,1,17,0.4,5.5,0.0,63.0,9.38,722846,"52,916,002.13","12,329,436.76"
382,382,2022,1,18,-1.3,0.0,0.0,40.8,14.44,722720,"81,700,262.38","16,044,863.71"
383,383,2022,1,19,-0.1,4.4,0.0,59.9,12.41,722795,"75,384,216.07","16,404,239.23"
384,384,2022,1,20,-1.4,0.1,0.0,52.5,13.98,722630,"60,949,364.02","13,798,093.41"
385,385,2022,1,21,1.7,3.9,0.0,59.6,12.95,722811,"92,125,310.64","16,338,371.10"
386,386,2022,1,22,7.1,8.6,0.0,57.0,7.8,722589,"63,576,707.69","15,391,604.47"
387,387,2022,1,23,7.1,7.8,0.0,62.8,6.41,722454,"83,403,430.61","12,719,320.82"
388,388,2022,1,24,6.0,7.3,0.0,65.6,7.65,722458,"71,943,628.85","16,220,853.08"
389,389,2022,1,25,5.7,8.5,0.0,71.5,3.78,722459,"56,558,608.30","13,180,884.15"
390,390,2022,1,26,4.1,5.0,0.0,60.6,11.75,722271,"73,752,291.26","16,772,176.25"
391,391,2022,1,27,2.4,4.5,0.0,51.6,13.48,722295,"123,141,167.38","18,361,449.30"
392,392,2022,1,28,1.0,4.3,0.0,51.8,14.65,722235,"76,651,886.86","18,331,082.84"
393,393,2022,1,29,0.6,6.9,0.0,47.8,0.0,722011,"54,523,965.86","13,985,687.98"
394,394,2022,1,30,0.7,4.0,0.0,45.9,15.01,722020,"54,750,501.89","14,366,727.72"
395,395,2022,1,31,1.4,1.3,0.1,56.3,15.3,722034,"56,069,741.26","14,658,127.68"
396,396,2022,2,1,1.8,6.6,0.6,70.9,7.73,722047,"72,116,444.62","12,067,833.83"
397,397,2022,2,2,1.4,4.8,0.0,55.5,13.94,722047,"941,794,439.78","20,480,995.60"
398,398,2022,2,3,0.5,4.1,0.0,45.9,15.92,722038,"357,533,610.62","17,109,769.40"
399,399,2022,2,4,-0.6,6.6,0.2,59.3,12.97,722020,"204,826,493.09","18,657,965.80"
400,400,2022,2,5,-2.1,8.0,0.3,78.8,11.52,721934,"289,211,764.32","17,409,384.48"
401,401,2022,2,6,-1.4,4.5,0.2,77.9,9.68,721937,"63,160,582.20","12,945,670.02"
402,402,2022,2,7,-0.1,8.4,0.0,48.0,6.52,721924,"74,864,836.30","18,647,064.44"
403,403,2022,2,8,1.8,2.6,0.0,48.3,15.46,721766,"343,786,389.67","22,416,561.87"
404,404,2022,2,9,3.3,5.6,0.0,53.5,12.26,721789,"342,084,695.62","20,531,157.04"
405,405,2022,2,10,4.2,2.1,0.0,45.3,16.23,721716,"66,785,712.41","16,497,414.72"
406,406,2022,2,11,4.8,2.8,0.0,45.0,16.2,721593,"77,690,163.74","18,675,696.66"
407,407,2022,2,12,6.9,3.5,0.0,43.0,16.31,721209,"79,430,584.01","18,338,117.25"
408,408,2022,2,13,7.8,7.5,0.0,45.6,11.67,721212,"74,957,348.59","17,776,280.41"
409,409,2022,2,14,5.6,2.9,0.0,59.4,14.13,721214,"78,052,828.08","16,940,638.07"
410,410,2022,2,15,-0.5,7.8,0.0,65.4,9.31,721218,"60,260,619.14","14,667,485.45"
411,411,2022,2,16,-3.1,7.4,1.1,83.0,9.63,720966,"77,778,388.99","18,945,505.14"
412,412,2022,2,17,-3.9,2.8,0.0,56.5,18.93,720884,"100,552,925.09","18,167,874.42"
413,413,2022,2,18,1.4,6.0,0.0,50.0,17.03,720825,"88,075,771.63","22,074,538.53"
414,414,2022,2,19,2.2,9.3,0.0,56.1,8.18,720866,"92,030,776.39","19,430,853.76"
415,415,2022,2,20,-2.1,4.0,0.3,60.5,15.96,720873,"78,917,119.85","18,534,771.19"
416,416,2022,2,21,1.0,4.1,0.0,60.1,15.28,720654,"64,160,819.74","14,738,424.72"
417,417,2022,2,22,0.2,5.1,0.0,50.5,17.34,720717,"79,703,172.26","14,609,625.92"
418,418,2022,2,23,-2.0,4.3,0.0,43.8,17.24,720445,"96,253,985.98","17,177,625.46"
419,419,2022,2,24,0.0,2.1,0.0,50.5,14.92,720377,"121,341,754.54","17,754,430.03"
420,420,2022,2,25,3.3,0.3,0.0,64.4,17.92,720617,"206,013,084.36","22,162,817.07"
421,421,2022,2,26,6.0,4.8,0.0,71.4,17.29,720328,"156,877,571.74","21,525,368.68"
422,422,2022,2,27,6.0,0.0,0.0,40.6,20.27,720346,"158,215,037.88","22,942,752.06"
423,423,2022,2,28,7.6,4.0,0.0,46.4,15.95,720345,"180,944,014.58","22,017,106.34"
424,424,2022,3,1,7.1,7.3,2.9,85.3,10.26,720177,"155,821,214.21","18,984,372.50"
425,425,2022,3,2,4.1,0.8,0.0,55.0,20.29,720175,"183,112,582.39","23,670,183.38"
426,426,2022,3,3,6.7,0.0,0.0,67.0,18.71,720202,"145,485,579.46","20,716,574.13"
427,427,2022,3,4,10.5,4.9,0.0,67.5,16.42,720034,"159,102,161.54","22,440,727.67"
428,428,2022,3,5,5.2,0.1,0.0,50.4,17.12,719715,"147,512,193.17","24,361,698.99"
429,429,2022,3,6,3.3,2.6,0.0,40.1,0.0,719738,"146,069,943.60","22,004,904.71"
430,430,2022,3,7,4.8,4.9,0.0,43.6,17.42,719744,"167,049,131.74","24,849,729.47"
431,431,2022,3,8,7.2,1.5,0.0,52.4,20.64,719715,"150,411,734.02","20,629,239.74"
432,432,2022,3,9,9.5,0.0,0.0,53.4,21.15,719746,"155,784,944.64","22,447,324.82"
433,433,2022,3,10,11.3,4.8,0.0,50.3,17.37,719586,"138,568,038.84","20,191,737.02"
434,434,2022,3,11,14.6,6.6,0.0,70.6,11.02,736759,"194,673,793.46","21,358,046.92"
435,435,2022,3,12,17.1,7.3,0.0,75.9,15.4,736838,"140,726,837.47","20,201,449.32"
436,436,2022,3,13,15.2,9.4,16.4,95.1,2.18,736693,"162,574,576.90","23,492,655.28"
437,437,2022,3,14,11.9,8.8,1.0,97.5,4.5,736672,"145,160,477.50","17,305,171.27"
438,438,2022,3,15,10.3,3.1,0.0,72.3,21.46,736426,"237,473,107.37","20,917,481.65"
439,439,2022,3,16,13.3,3.1,0.0,59.0,21.25,736222,"207,330,886.46","23,124,764.23"
440,440,2022,3,17,11.3,10.0,5.6,80.1,3.93,736280,"184,475,194.61","23,519,211.11"
441,441,2022,3,18,8.5,9.6,4.6,96.6,5.11,735962,"219,600,386.62","22,811,687.34"
442,442,2022,3,19,5.3,9.4,10.0,88.5,4.17,735684,"222,127,607.66","27,203,235.49"
443,443,2022,3,20,5.2,8.1,0.0,82.1,8.83,735454,"159,018,202.54","23,674,510.63"
444,444,2022,3,21,7.4,7.9,0.0,51.1,16.04,735456,"187,518,086.04","24,609,546.16"
445,445,2022,3,22,8.2,7.4,0.0,47.4,20.5,735469,"178,218,727.08","24,681,895.13"
446,446,2022,3,23,7.4,5.8,0.0,62.6,13.34,735295,"167,858,333.47","22,674,701.41"
447,447,2022,3,24,9.8,1.0,0.0,60.4,21.72,735086,"144,820,342.32","21,413,952.01"
448,448,2022,3,25,14.6,8.5,27.5,76.8,10.62,734964,"396,972,498.36","25,136,783.03"
449,449,2022,3,26,10.5,9.6,37.2,96.9,3.55,734763,"132,585,401.21","21,042,800.68"
450,450,2022,3,27,8.9,5.4,0.0,61.9,21.2,734518,"364,561,284.19","22,233,851.21"
451,451,2022,3,28,9.4,3.3,0.0,41.5,20.53,734567,"178,017,949.13","24,865,125.50"
452,452,2022,3,29,11.9,0.0,0.0,55.5,24.71,734629,"157,043,522.42","24,205,291.78"
453,453,2022,3,30,14.9,7.1,0.0,77.0,13.86,734656,"147,211,999.46","24,409,259.63"
454,454,2022,3,31,10.8,8.6,0.0,84.9,10.9,734486,"166,602,248.98","23,100,695.69"
455,455,2022,4,1,10.0,4.3,0.0,65.8,19.12,734357,"173,872,134.07","22,958,409.55"
456,456,2022,4,2,8.4,0.0,0.0,53.6,26.1,734154,"123,627,963.43","22,794,784.21"
457,457,2022,4,3,9.7,0.8,0.0,47.6,25.57,734040,"142,930,847.11","20,394,883.88"
458,458,2022,4,4,11.1,0.5,0.0,44.9,26.06,734020,"165,766,668.60","23,585,682.18"
459,459,2022,4,5,11.0,5.6,0.0,39.9,20.45,734026,"124,411,186.82","21,116,384.02"
460,460,2022,4,6,12.5,0.0,0.0,56.5,24.12,733812,"144,803,250.34","21,934,274.55"
461,461,2022,4,7,12.2,2.8,1.2,60.6,22.65,733760,"89,509,452.94","15,908,599.50"
462,462,2022,4,8,14.8,0.4,0.0,40.3,26.23,733620,"132,869,287.90","20,888,978.03"
463,463,2022,4,9,17.8,1.0,0.0,38.4,25.0,733530,"91,138,607.16","19,440,652.88"
464,464,2022,4,10,18.7,4.9,0.0,52.1,23.91,733468,"96,436,579.56","18,847,353.03"
465,465,2022,4,11,20.5,3.1,0.0,77.4,21.81,733469,"74,556,650.81","13,980,383.77"
466,466,2022,4,12,21.1,5.0,0.0,79.5,23.97,733478,"193,448,279.74","19,107,810.81"
467,467,2022,4,13,17.9,9.4,2.4,94.0,7.47,733330,"131,539,549.66","20,411,526.28"
468,468,2022,4,14,15.4,9.0,0.1,78.3,15.46,733190,"185,558,560.56","19,135,174.09"
469,469,2022,4,15,14.4,3.8,0.0,57.6,26.98,733188,"73,726,960.46","12,899,984.29"
470,470,2022,4,16,13.3,2.1,0.0,45.5,27.03,733045,"100,761,719.86","18,521,204.07"
471,471,2022,4,17,13.8,3.1,0.0,38.5,27.92,732913,"103,427,233.13","15,322,207.25"
472,472,2022,4,18,16.4,7.6,0.0,30.9,21.97,732889,"94,165,499.28","17,567,527.21"
473,473,2022,4,19,16.3,1.6,0.0,30.9,27.48,732917,"82,730,156.90","14,799,323.31"
474,474,2022,4,20,16.3,0.5,0.0,40.6,27.85,732675,"109,650,851.62","17,488,434.32"
475,475,2022,4,21,15.4,4.9,0.0,53.4,12.44,732723,"110,156,953.97","20,327,611.50"
476,476,2022,4,22,17.6,3.4,0.0,74.4,25.96,732645,"99,649,430.45","18,617,994.06"
477,477,2022,4,23,19.5,7.9,0.0,75.0,19.26,732572,"97,340,558.74","16,364,054.50"
478,478,2022,4,24,20.7,2.1,0.0,75.8,26.62,732573,"97,831,712.09","18,023,142.88"
479,479,2022,4,25,19.7,9.1,24.4,80.4,15.82,732574,"99,566,540.06","16,346,147.57"
480,480,2022,4,26,17.8,7.8,5.8,99.0,4.17,732584,"90,742,530.24","15,943,062.88"
481,481,2022,4,27,16.9,5.1,0.0,54.3,25.1,732396,"110,711,811.91","20,416,562.51"
482,482,2022,4,28,16.8,6.1,0.0,65.9,21.54,732159,"128,243,897.47","19,217,175.07"
483,483,2022,4,29,14.2,9.3,15.5,84.8,16.07,731899,"87,899,207.64","17,188,119.82"
484,484,2022,4,30,13.4,8.4,0.0,74.3,13.17,731726,"109,469,522.38","15,846,468.40"
485,485,2022,5,1,13.6,2.3,0.0,54.5,29.33,731420,"77,660,556.86","17,323,744.53"
486,486,2022,5,2,13.9,2.6,0.0,52.8,27.77,731465,"81,392,252.47","16,751,473.55"
487,487,2022,5,3,14.4,0.0,0.0,50.4,29.51,731500,"91,001,258.54","18,079,217.06"
488,488,2022,5,4,17.0,0.0,0.0,55.4,28.87,730920,"100,002,145.34","19,117,214.77"
489,489,2022,5,5,19.0,0.0,0.0,62.6,29.73,730562,"73,823,641.22","14,644,191.46"
490,490,2022,5,6,20.7,0.9,0.0,64.6,28.53,730178,"84,832,382.18","16,320,089.19"
491,491,2022,5,7,18.2,2.3,0.0,66.1,25.29,730178,"85,585,733.14","17,822,936.33"
492,492,2022,5,8,17.4,6.5,0.0,56.8,25.56,729738,"117,424,393.90","15,907,444.53"
493,493,2022,5,9,17.3,7.8,0.0,72.5,13.1,729717,"70,906,861.87","15,267,045.12"
494,494,2022,5,10,18.4,8.6,0.0,57.1,22.45,729778,"77,695,533.60","16,217,835.20"
495,495,2022,5,11,20.8,8.3,0.0,58.6,20.43,729642,"80,237,014.15","16,819,271.62"
496,496,2022,5,12,21.1,8.9,0.0,63.9,14.51,729362,"68,088,661.99","14,867,617.14"
497,497,2022,5,13,17.9,8.1,0.0,68.9,7.13,729172,"82,605,733.85","15,995,986.66"
498,498,2022,5,14,16.4,4.4,0.0,41.5,28.25,729108,"84,342,901.61","18,277,812.08"
499,499,2022,5,15,16.0,5.4,0.0,38.9,29.78,729030,"82,924,713.41","16,202,312.51"
500,500,2022,5,16,17.4,1.4,0.0,40.9,29.77,728980,"136,076,916.70","13,708,734.89"
501,501,2022,5,17,19.9,0.8,0.0,51.5,28.28,728966,"81,576,865.18","16,632,519.79"
502,502,2022,5,18,21.6,0.9,0.0,43.6,27.98,728814,"78,535,354.51","17,143,529.28"
503,503,2022,5,19,20.7,7.8,0.0,41.3,18.85,728560,"82,718,178.77","16,576,428.82"
504,504,2022,5,20,20.2,8.3,0.0,60.1,18.0,728581,"81,774,319.30","17,849,664.46"
505,505,2022,5,21,20.7,0.3,0.0,69.6,29.2,728271,"52,497,040.15","13,077,450.46"
506,506,2022,5,22,21.8,0.5,0.0,70.5,28.17,728081,"66,746,881.06","14,675,779.30"
507,507,2022,5,23,22.6,4.0,0.0,61.0,25.15,728065,"66,124,760.45","14,399,300.56"
508,508,2022,5,24,22.9,0.0,0.0,52.8,28.78,728085,"91,721,395.99","14,490,741.19"
509,509,2022,5,25,22.3,4.0,0.0,62.3,26.47,727864,"93,076,026.36","19,745,034.08"
510,510,2022,5,26,20.5,3.5,0.4,58.3,30.0,727557,"78,747,246.29","13,422,363.88"
511,511,2022,5,27,20.8,0.0,0.0,66.0,30.14,727124,"68,023,706.02","12,317,310.60"
512,512,2022,5,28,22.3,6.0,0.0,61.1,23.31,727142,"80,958,681.34","13,800,500.92"
513,513,2022,5,29,22.0,5.5,0.0,67.4,28.96,726903,"63,292,102.82","12,606,955.50"
514,514,2022,5,30,19.8,9.0,0.0,92.0,6.58,726818,"55,045,235.66","11,327,114.62"
515,515,2022,5,31,22.1,1.6,0.0,47.9,30.61,726818,"51,347,936.35","10,389,815.95"
516,516,2022,6,1,23.6,4.1,0.0,45.3,29.83,726818,"34,283,320.58","9,556,650.14"
517,517,2022,6,2,22.7,1.8,0.0,75.0,29.27,726086,"88,640,039.45","14,337,303.86"
518,518,2022,6,3,24.8,1.5,0.0,64.4,28.19,726098,"80,853,473.33","18,408,364.60"
519,519,2022,6,4,24.7,7.1,0.0,49.6,24.63,725759,"73,309,707.46","17,415,336.74"
520,520,2022,6,5,18.3,9.9,22.2,94.0,4.77,725475,"66,062,490.53","12,368,035.60"
521,521,2022,6,6,20.2,7.0,0.0,86.8,17.01,725442,"67,812,595.78","14,303,833.91"
522,522,2022,6,7,19.1,8.6,7.1,87.9,16.61,725445,"156,323,122.90","18,929,507.30"
523,523,2022,6,8,19.5,7.6,3.2,85.3,13.13,725438,"99,148,674.38","15,389,874.51"
524,524,2022,6,9,21.6,4.4,0.0,77.0,26.03,724978,"86,639,729.40","13,653,046.99"
525,525,2022,6,10,22.4,5.5,0.0,72.3,20.67,724558,"88,454,015.50","16,633,358.06"
526,526,2022,6,11,23.0,4.3,0.0,77.6,25.65,724220,"76,290,046.54","17,684,223.70"
527,527,2022,6,12,22.6,5.8,0.1,85.6,16.49,723573,"84,930,079.08","18,776,373.50"
528,528,2022,6,13,22.0,9.4,0.0,71.0,12.59,723351,"99,340,814.50","17,767,854.30"
529,529,2022,6,14,18.8,8.4,1.1,91.6,10.6,723414,"77,471,236.90","15,432,156.83"
530,530,2022,6,15,21.3,6.5,2.1,88.5,17.25,723058,"54,951,003.43","10,835,209.96"
531,531,2022,6,16,23.3,4.8,0.0,72.6,23.57,723033,"74,654,806.92","15,323,802.67"
532,532,2022,6,17,23.8,6.8,3.3,86.6,17.86,722692,"287,783,795.50","19,557,199.21"
533,533,2022,6,18,24.9,5.0,1.3,82.6,25.93,722518,"139,777,980.41","16,788,026.37"
534,534,2022,6,19,25.7,6.5,0.0,85.1,21.35,722140,"70,479,378.00","15,048,708.62"
535,535,2022,6,20,26.3,6.0,24.3,85.0,27.24,722140,"99,634,451.69","20,626,706.22"
536,536,2022,6,21,26.7,6.5,0.0,85.5,23.26,722031,"92,906,205.82","21,194,983.74"
537,537,2022,6,22,27.0,3.0,0.0,80.0,28.66,722010,"191,621,095.39","23,212,755.22"
538,538,2022,6,23,25.5,8.9,28.7,96.0,9.89,722047,"81,475,072.42","17,959,411.52"
539,539,2022,6,24,24.6,7.8,27.2,95.1,13.61,721642,"77,815,045.58","16,873,623.59"
540,540,2022,6,25,26.5,5.9,0.0,91.3,19.45,721739,"100,314,014.11","15,535,683.10"
541,541,2022,6,26,27.3,7.4,0.0,91.4,15.73,721366,"66,526,600.30","14,127,595.51"
542,542,2022,6,27,27.3,8.3,0.9,92.6,10.5,721333,"73,471,547.62","15,720,956.50"
543,543,2022,6,28,27.7,8.8,0.0,87.0,12.84,721482,"76,005,022.70","17,472,472.47"
544,544,2022,6,29,26.5,9.9,8.5,98.1,12.99,721541,"117,538,752.65","14,796,992.57"
545,545,2022,6,30,27.1,7.3,1.7,93.4,15.13,721561,"81,353,702.52","19,412,984.43"
546,546,2022,7,1,28.2,2.0,0.0,76.5,26.18,721629,"84,570,058.18","20,330,194.70"
547,547,2022,7,2,28.5,3.6,0.0,76.6,25.54,721679,"66,141,897.91","16,821,818.46"
548,548,2022,7,3,28.9,5.8,0.0,74.5,19.43,721499,"101,440,915.58","21,335,399.22"
549,549,2022,7,4,27.2,7.9,2.1,91.0,15.14,721333,"101,433,698.57","22,226,321.58"
550,550,2022,7,5,27.4,8.1,7.3,93.1,16.95,721794,"74,742,263.57","16,796,354.86"
551,551,2022,7,6,29.1,7.1,0.0,84.0,23.23,722085,"91,173,619.68","21,863,598.97"
552,552,2022,7,7,28.8,6.5,4.9,88.1,18.66,722328,"118,488,851.86","21,825,509.51"
553,553,2022,7,8,26.6,6.6,4.8,96.5,9.62,722407,"113,219,983.70","22,035,589.77"
554,554,2022,7,9,27.0,6.3,0.0,88.1,18.49,722560,"84,044,847.26","18,340,245.64"
555,555,2022,7,10,28.2,6.3,0.0,85.5,21.65,722397,"95,905,009.80","23,356,691.44"
556,556,2022,7,11,27.1,7.9,14.3,92.5,14.03,722341,"88,568,489.40","18,703,829.40"
557,557,2022,7,12,27.4,8.3,0.0,91.0,19.42,722473,"90,815,324.90","15,259,439.39"
558,558,2022,7,13,26.0,9.3,0.0,92.6,10.49,722637,"207,836,429.04","18,785,791.22"
559,559,2022,7,14,27.3,7.1,13.0,88.9,23.22,722952,"333,793,553.28","27,734,951.98"
560,560,2022,7,15,27.0,4.4,0.0,79.6,24.61,723190,"81,399,532.25","19,238,238.87"
561,561,2022,7,16,26.5,6.4,0.0,80.4,26.67,723273,"100,556,172.79","18,345,691.59"
562,562,2022,7,17,26.4,9.4,0.0,93.6,12.26,723017,"99,102,511.99","18,596,381.97"
563,563,2022,7,18,23.7,8.9,54.1,99.0,3.79,722923,"77,839,750.56","16,796,004.48"
564,564,2022,7,19,26.2,7.1,0.7,88.0,24.28,722887,"81,662,155.90","17,950,476.82"
565,565,2022,7,20,27.2,6.9,0.8,81.6,24.49,722951,"73,785,212.54","14,829,007.05"
566,566,2022,7,21,24.6,8.4,3.8,96.0,9.01,723083,"77,001,721.08","18,286,220.53"
567,567,2022,7,22,25.1,4.6,0.0,88.1,14.77,723296,"308,672,681.74","16,995,721.03"
568,568,2022,7,23,25.1,8.8,22.6,90.6,13.31,723709,"81,558,154.70","17,514,121.30"
569,569,2022,7,24,23.9,9.0,14.2,99.0,5.4,723407,"87,999,951.74","20,815,474.68"
570,570,2022,7,25,26.7,5.4,0.0,88.6,18.99,723389,"68,131,615.39","14,380,682.07"
571,571,2022,7,26,27.3,5.5,0.0,86.6,17.56,724075,"81,391,241.88","16,282,864.59"
572,572,2022,7,27,27.3,5.3,0.0,80.0,25.54,724520,"48,623,054.57","11,455,751.74"
573,573,2022,7,28,28.5,2.5,0.0,79.3,27.23,725075,"63,777,183.72","13,874,046.82"
574,574,2022,7,29,30.3,2.5,0.0,76.1,23.25,725549,"51,855,451.25","11,682,412.80"
575,575,2022,7,30,28.5,7.1,0.0,84.1,11.24,726210,"57,070,578.91","12,765,163.91"
576,576,2022,7,31,26.4,9.6,26.4,97.8,7.62,725990,"36,146,511.55","10,630,383.85"
577,577,2022,8,1,27.6,7.5,1.5,98.4,10.0,725956,"56,261,297.26","14,711,017.32"
578,578,2022,8,2,28.0,7.3,1.7,95.3,15.1,726004,"48,264,816.67","12,517,784.55"
579,579,2022,8,3,27.9,7.4,11.4,97.3,16.36,725603,"57,521,087.81","14,468,728.30"
580,580,2022,8,4,29.0,5.3,0.0,90.6,21.88,725330,"73,311,657.67","17,770,106.03"
581,581,2022,8,5,29.0,6.4,0.0,93.3,15.4,726144,"90,017,305.30","20,171,824.22"
582,582,2022,8,6,29.9,6.9,0.0,91.4,19.79,727226,"71,611,087.30","16,640,352.98"
583,583,2022,8,7,29.9,5.9,0.0,89.0,22.59,726824,"79,288,436.93","15,836,525.28"
584,584,2022,8,8,28.8,7.9,0.0,90.9,16.7,726742,"55,887,014.11","14,851,225.53"
585,585,2022,8,9,28.7,8.5,0.0,91.1,16.85,727802,"81,210,379.97","18,124,498.05"
586,586,2022,8,10,28.3,9.0,0.0,93.5,11.8,728696,"60,795,289.73","14,093,544.13"
587,587,2022,8,11,26.3,9.6,9.1,99.0,3.46,729509,"86,053,193.95","14,016,939.48"
588,588,2022,8,12,27.9,8.1,0.5,91.1,17.12,729664,"48,532,641.12","11,574,524.03"
589,589,2022,8,13,27.9,7.4,0.1,95.6,13.48,730697,"52,261,236.79","11,884,870.54"
590,590,2022,8,14,29.4,7.3,0.0,89.1,21.5,730856,"47,181,604.08","13,390,326.11"
591,591,2022,8,15,29.4,8.4,0.0,89.6,20.37,730852,"84,068,744.54","17,070,653.68"
592,592,2022,8,16,26.5,9.8,17.0,98.9,5.98,730818,"59,821,257.31","14,304,453.00"
593,593,2022,8,17,26.0,6.6,0.1,94.0,1.25,730893,"409,183,172.69","17,242,284.95"
594,594,2022,8,18,26.1,4.0,0.0,83.0,0.0,731641,"97,020,536.64","16,212,877.74"
595,595,2022,8,19,27.4,7.9,0.0,92.9,16.29,732516,"77,072,497.87","14,223,449.11"
596,596,2022,8,20,26.6,6.5,32.2,98.4,6.61,733189,"48,950,144.93","11,896,896.87"
597,597,2022,8,21,27.4,7.5,0.0,90.4,18.1,732751,"41,016,840.58","11,247,943.92"
598,598,2022,8,22,28.0,7.1,0.0,81.0,24.87,732609,"85,225,084.66","14,863,569.29"
599,599,2022,8,23,26.5,9.9,24.7,97.5,6.33,733082,"58,607,822.35","12,980,801.45"
600,600,2022,8,24,25.7,7.4,2.4,89.3,15.35,733808,"56,357,821.32","15,321,549.15"
601,601,2022,8,25,24.9,6.1,0.0,77.8,21.67,734136,"159,396,909.22","16,878,708.79"
602,602,2022,8,26,24.5,3.9,0.0,71.3,26.29,734586,"99,991,210.32","15,647,034.83"
603,603,2022,8,27,22.8,4.3,0.0,75.5,18.73,734586,"65,591,167.97","14,942,972.07"
604,604,2022,8,28,22.9,5.8,0.0,67.0,22.23,734586,"159,475,939.54","19,013,522.82"
605,605,2022,8,29,21.7,7.5,0.0,88.4,7.12,735257,"96,319,584.19","14,268,765.31"
606,606,2022,8,30,24.8,9.1,1.3,96.5,7.92,735873,"95,442,316.46","13,954,178.31"
607,607,2022,8,31,23.0,8.8,4.4,92.9,13.16,736117,"66,152,777.90","14,319,041.74"
608,608,2022,9,1,22.6,8.3,0.0,94.1,9.52,736772,"59,561,282.14","13,187,149.74"
609,609,2022,9,2,23.1,8.6,0.0,88.3,12.6,737238,"50,974,127.93","13,486,542.43"
610,610,2022,9,3,24.9,8.4,0.0,86.8,13.49,737526,"61,227,498.29","15,010,440.49"
611,611,2022,9,4,26.5,9.3,3.5,89.4,15.8,737300,"39,281,590.97","10,809,189.59"
612,612,2022,9,5,24.0,10.0,50.7,99.0,2.82,737304,"59,734,911.14","12,846,982.54"
613,613,2022,9,6,21.5,5.3,32.8,89.8,13.83,739974,"60,454,981.66","12,712,536.88"
614,614,2022,9,7,22.2,2.8,0.0,77.6,24.72,739974,"111,612,412.58","18,754,004.74"
615,615,2022,9,8,23.0,4.6,0.0,73.9,19.95,741532,"109,978,094.71","16,001,757.56"
616,616,2022,9,9,24.1,5.8,0.0,74.8,10.58,742234,"60,268,442.21","13,730,207.77"
617,617,2022,9,10,22.6,8.0,0.0,85.0,14.03,742030,"63,685,912.01","13,629,111.14"
618,618,2022,9,11,24.1,6.4,0.0,81.8,18.74,742044,"55,180,925.78","13,191,472.14"
619,619,2022,9,12,23.1,10.0,2.0,98.9,6.65,741996,"72,298,026.86","15,752,077.23"
620,620,2022,9,13,24.3,10.0,0.2,90.0,7.66,742004,"74,953,180.78","16,876,979.02"
621,621,2022,9,14,25.3,5.9,0.0,68.4,18.01,742826,"70,394,772.65","12,542,343.59"
622,622,2022,9,15,26.5,4.8,0.0,72.5,21.2,743697,"98,727,565.68","17,241,953.34"
623,623,2022,9,16,26.8,6.0,0.0,82.5,17.34,744428,"98,507,951.28","15,758,843.74"
624,624,2022,9,17,27.9,7.4,0.0,75.8,21.17,745103,"92,667,840.67","15,891,483.66"
625,625,2022,9,18,28.7,8.3,0.0,71.0,18.39,744929,"85,345,841.09","18,423,195.70"
626,626,2022,9,19,25.4,5.3,0.0,66.3,20.84,744923,"94,276,695.65","17,129,473.32"
627,627,2022,9,20,20.8,4.4,0.0,62.5,15.92,745837,"91,394,073.50","15,034,143.36"
628,628,2022,9,21,20.1,3.6,0.0,61.5,18.56,746614,"102,941,701.97","17,814,286.51"
629,629,2022,9,22,20.3,5.0,0.0,60.6,21.06,746954,"93,695,587.99","18,178,461.59"
630,630,2022,9,23,19.5,5.4,0.0,69.1,19.28,747494,"115,919,317.58","18,578,378.38"
631,631,2022,9,24,19.1,5.8,0.0,59.3,22.1,748045,"91,084,893.74","15,172,897.98"
632,632,2022,9,25,20.0,8.9,0.0,64.3,13.74,747629,"71,192,957.47","12,508,127.59"
633,633,2022,9,26,19.8,9.0,0.0,71.8,9.6,747623,"71,756,842.63","13,343,640.98"
634,634,2022,9,27,21.7,1.8,0.0,68.5,21.59,748659,"62,384,727.91","12,405,454.02"
635,635,2022,9,28,21.1,7.5,0.0,76.8,11.42,748976,"77,907,769.25","13,685,755.21"
636,636,2022,9,29,20.9,0.0,0.0,67.5,21.74,749264,"92,127,820.90","14,980,482.36"
637,637,2022,9,30,21.7,0.4,0.0,66.9,20.81,748820,"59,984,587.42","13,920,560.44"
638,638,2022,10,1,22.9,2.9,0.0,64.1,19.66,750470,"98,189,386.20","14,849,406.13"
639,639,2022,10,2,23.6,7.3,0.0,67.6,18.92,750072,"76,103,337.65","13,748,189.08"
640,640,2022,10,3,26.1,9.6,0.0,79.6,8.6,750048,"69,600,940.68","13,381,200.14"
641,641,2022,10,4,19.5,9.6,33.4,86.1,6.35,750048,"76,037,380.01","15,243,654.06"
642,642,2022,10,5,16.9,6.9,0.0,63.5,19.48,750322,"51,355,916.62","12,859,034.52"
643,643,2022,10,6,17.1,8.5,0.0,69.1,14.76,750547,"79,408,906.39","15,760,184.38"
644,644,2022,10,7,16.3,6.1,0.0,61.3,16.92,751274,"66,057,645.38","15,426,787.83"
645,645,2022,10,8,16.7,6.4,0.0,63.8,12.31,751805,"109,799,883.53","18,428,656.69"
646,646,2022,10,9,14.5,10.0,2.3,88.9,5.14,751377,"105,593,497.44","22,029,656.96"
647,647,2022,10,10,12.8,7.1,2.2,74.4,12.61,751339,"85,877,071.70","14,963,591.85"
648,648,2022,10,11,13.9,1.8,0.0,66.5,19.2,751324,"60,510,379.78","11,683,111.25"
649,649,2022,10,12,14.7,0.0,0.0,66.6,0.0,752096,"56,064,006.67","12,417,645.54"
650,650,2022,10,13,17.1,0.9,0.0,67.5,15.63,752894,"68,967,415.80","12,912,564.49"
651,651,2022,10,14,17.5,3.8,0.0,73.6,17.69,753970,"99,825,912.53","14,905,674.17"
652,652,2022,10,15,18.5,1.9,0.0,76.9,17.51,755135,"98,162,408.98","13,155,844.16"
653,653,2022,10,16,18.1,3.5,0.0,73.8,16.13,754970,"62,037,455.50","14,140,921.55"
654,654,2022,10,17,14.4,3.4,0.0,47.1,18.33,754927,"134,166,671.81","12,690,215.01"
655,655,2022,10,18,11.1,0.0,0.0,42.6,18.73,755785,"73,341,129.10","13,539,009.79"
656,656,2022,10,19,11.3,0.0,0.0,56.8,18.14,756710,"136,917,752.62","12,963,829.81"
657,657,2022,10,20,13.9,1.8,0.0,50.6,18.1,757623,"62,399,472.70","12,608,671.99"
658,658,2022,10,21,14.8,8.9,0.0,71.9,10.13,758461,"59,191,252.78","12,550,463.52"
659,659,2022,10,22,17.3,3.1,0.4,69.8,16.56,759133,"86,602,768.58","15,580,330.90"
660,660,2022,10,23,14.7,1.8,0.0,62.8,16.25,758895,"81,488,719.39","13,792,130.65"
661,661,2022,10,24,11.6,0.5,0.0,46.5,17.39,758770,"63,253,412.95","13,457,882.10"
662,662,2022,10,25,11.6,0.0,0.0,46.3,16.83,758763,"89,413,426.97","14,216,419.00"
663,663,2022,10,26,13.6,6.4,0.0,49.0,13.85,761305,"105,244,472.98","15,061,180.54"
664,664,2022,10,27,15.1,2.1,0.0,56.0,15.97,762113,"61,234,026.53","13,106,388.74"
665,665,2022,10,28,14.7,0.0,0.0,71.5,15.32,763283,"75,810,231.31","11,487,137.53"
666,666,2022,10,29,15.1,3.4,0.0,66.0,12.59,764051,"79,008,401.81","12,121,779.07"
667,667,2022,10,30,15.9,2.5,0.0,65.0,15.41,763429,"68,970,811.78","13,829,337.81"
668,668,2022,10,31,15.4,2.4,0.0,65.9,15.06,763387,"81,772,545.29","14,521,871.87"
669,669,2022,11,1,14.5,0.0,0.0,74.8,14.38,764514,"67,265,469.82","13,986,739.02"
670,670,2022,11,2,13.0,0.0,0.0,65.0,15.25,765248,"221,085,749.81","16,372,424.56"
671,671,2022,11,3,12.2,2.5,0.0,56.9,13.99,766325,"56,097,106.32","12,768,354.26"
672,672,2022,11,4,8.9,3.0,0.0,43.9,15.39,767336,"144,425,153.83","11,697,630.26"
673,673,2022,11,5,9.1,0.5,0.0,43.6,15.6,768244,"63,412,395.29","12,794,205.77"
674,674,2022,11,6,9.7,1.5,0.0,62.1,14.28,768030,"74,060,295.53","13,111,226.03"
675,675,2022,11,7,11.4,0.6,0.0,60.5,13.3,767971,"75,721,233.67","14,814,433.21"
676,676,2022,11,8,12.1,1.0,0.0,65.4,13.75,768646,"104,212,141.73","13,596,317.79"
677,677,2022,11,9,12.4,2.9,0.0,59.6,13.27,769556,"55,233,460.06","11,181,206.79"
678,678,2022,11,10,15.0,2.6,0.0,50.6,12.83,770366,"206,606,999.02","13,321,260.48"
679,679,2022,11,11,16.7,2.0,0.0,56.4,12.72,770889,"67,125,305.69","12,964,657.26"
680,680,2022,11,12,18.5,7.1,21.1,79.6,9.77,771411,"63,725,130.07","11,545,039.68"
681,681,2022,11,13,11.6,9.3,10.5,79.1,3.95,771036,"47,186,485.27","10,578,613.77"
682,682,2022,11,14,10.7,6.6,0.0,70.0,9.47,771016,"68,941,712.57","12,860,473.35"
683,683,2022,11,15,9.5,0.3,0.0,64.4,12.78,772333,"42,709,974.22","10,509,845.18"
684,684,2022,11,16,10.8,3.8,0.0,62.4,12.89,774458,"66,495,731.45","13,052,197.33"
685,685,2022,11,17,11.3,3.0,0.0,50.8,13.53,775808,"67,800,738.26","15,349,595.18"
686,686,2022,11,18,11.8,0.0,0.0,50.9,14.13,776065,"55,609,740.82","11,193,980.26"
687,687,2022,11,19,13.5,3.3,0.0,50.1,12.62,777580,"54,610,306.56","11,568,073.00"
688,688,2022,11,20,13.6,5.9,0.4,77.9,6.13,777551,"50,722,245.74","10,371,749.74"
689,689,2022,11,21,12.6,5.5,0.0,74.9,8.58,777536,"146,136,936.67","13,883,899.41"
690,690,2022,11,22,12.5,10.0,1.9,78.0,3.76,778688,"93,786,621.72","15,626,130.64"
691,691,2022,11,23,11.9,4.5,0.8,70.8,11.27,779457,"100,415,789.88","13,384,650.12"
692,692,2022,11,24,11.0,4.3,0.0,60.9,11.17,780615,"80,418,684.02","14,557,564.36"
693,693,2022,11,25,11.6,4.5,0.0,62.6,11.54,781560,"45,331,547.11","11,103,412.18"
694,694,2022,11,26,11.1,1.8,0.0,52.4,12.2,781464,"61,981,311.43","12,169,330.43"
695,695,2022,11,27,9.7,4.3,0.0,39.6,11.45,781511,"64,009,065.12","12,998,991.00"
696,696,2022,11,28,15.6,7.5,4.8,87.4,3.63,781514,"73,221,705.82","14,071,416.64"
697,697,2022,11,29,11.3,9.8,7.2,69.3,3.71,781807,"59,562,935.62","12,740,779.30"
698,698,2022,11,30,0.5,8.8,0.0,49.3,9.41,782405,"52,253,862.55","11,724,324.36"
699,699,2022,12,1,0.2,6.4,0.0,41.8,11.31,783153,"50,985,853.82","12,564,512.52"
700,700,2022,12,2,2.2,3.1,0.0,43.6,13.07,786186,"108,371,467.61","15,839,575.49"
701,701,2022,12,3,5.6,8.3,0.0,60.9,6.4,787385,"58,186,359.91","13,159,442.98"
702,702,2022,12,4,2.4,6.9,0.0,36.1,8.78,787385,"85,610,475.65","12,458,424.04"
703,703,2022,12,5,0.7,4.4,0.0,30.0,10.14,787385,"96,653,148.98","12,957,755.36"
704,704,2022,12,6,3.3,4.4,0.0,44.4,10.55,787218,"79,764,866.83","15,165,769.45"
705,705,2022,12,7,5.5,1.4,0.0,53.8,11.77,790077,"55,047,470.47","13,167,742.54"
706,706,2022,12,8,6.5,5.1,0.0,55.1,11.37,791280,"38,280,027.91","10,559,891.41"
707,707,2022,12,9,7.4,4.9,0.0,62.4,6.98,792285,"37,906,062.91","8,927,138.34"
708,708,2022,12,10,5.1,6.3,0.0,66.3,4.73,793373,"28,411,397.33","8,332,908.76"
709,709,2022,12,11,5.1,2.0,0.0,50.1,11.91,793298,"28,726,645.58","7,956,653.41"
710,710,2022,12,12,3.8,7.4,0.0,66.0,5.82,793329,"45,516,999.17","10,004,384.45"
711,711,2022,12,13,5.1,7.0,0.5,57.9,6.66,794050,"46,848,187.68","10,746,430.67"
712,712,2022,12,14,-2.3,3.0,1.7,63.9,12.13,795534,"61,356,364.37","9,981,755.58"
713,713,2022,12,15,1.3,6.3,0.1,61.3,10.98,795815,"45,112,056.67","9,775,442.19"
714,714,2022,12,16,0.4,8.1,0.0,39.9,8.64,796311,"45,394,132.30","11,309,669.80"
715,715,2022,12,17,-2.2,6.3,2.9,57.6,5.56,797038,"43,888,798.42","10,425,747.20"
716,716,2022,12,18,-5.0,5.6,4.6,72.8,6.08,796975,"43,194,033.50","9,978,218.91"
717,717,2022,12,19,-2.9,3.8,0.1,74.6,9.43,796940,"35,849,768.21","10,169,089.74"
718,718,2022,12,20,0.8,3.0,0.0,74.4,12.47,797097,"44,317,092.43","9,832,706.99"
719,719,2022,12,21,2.6,8.1,4.2,90.4,3.28,799844,"43,434,313.39","11,573,044.80"
720,720,2022,12,22,-1.5,8.3,2.5,78.4,2.94,799983,"42,407,068.08","11,527,319.54"
721,721,2022,12,23,-4.1,8.0,13.9,88.4,1.32,799900,"46,224,068.57","10,560,015.07"
722,722,2022,12,24,-5.0,3.4,0.1,75.8,7.5,799877,"58,763,001.10","12,851,421.38"
723,723,2022,12,25,-2.7,4.1,0.0,76.9,9.7,799864,"65,045,114.04","13,222,843.69"
724,724,2022,12,26,-0.6,2.6,0.0,78.8,10.04,799870,"56,045,364.31","12,063,284.26"
725,725,2022,12,27,0.3,1.8,0.0,74.1,13.08,800308,"31,743,683.54","9,442,942.40"
726,726,2022,12,28,-0.2,5.3,0.0,75.4,9.62,802036,"32,641,190.23","9,679,363.18"
727,727,2022,12,29,0.7,2.1,0.0,63.3,12.25,803784,"58,820,056.15","11,754,265.48"
728,728,2022,12,30,1.0,6.3,0.0,70.4,9.25,805066,"52,733,978.57","12,149,583.10"
729,729,2022,12,31,1.4,1.4,0.0,66.1,12.02,805564,"44,225,974.10","11,472,992.97"
