,year,month,day,temp,cloud,rainfall_total,Humidity_mean,solar,customer,wh,kwh
0,2021,1,1,-0.6,7.3,0,83.1,9,783260,49968118.15,11154070.87
1,2021,1,2,-0.3,3.8,0.5,67.8,12.54,783281,43576388.06,10820313.94
2,2021,1,3,-0.6,7.3,0,54.6,10.37,783288,44345831.21,10577876.27
3,2021,1,4,1.2,3.1,0,71.8,10.07,783288,49666971.53,11410542.58
4,2021,1,5,-0.2,8,0,64.9,7.74,783310,44114435.78,11097614.74
5,2021,1,6,-2.4,7.5,1.2,65.9,10.95,783287,250647651,13483005.42
6,2021,1,7,-8.4,8.6,2,69.1,5.16,783266,47705196.65,12136136.59
7,2021,1,8,-9.9,2.8,0,55.8,12.15,783436,53668802.9,12821846.23
8,2021,1,9,-7.6,1.9,0,52.6,13.02,697997,1076574227,22396185.19
9,2021,1,10,-5.1,4.4,0,74.3,9.5,697966,51608225.95,11128492.4
10,2021,1,11,-2.1,8.1,0,78.6,5.82,697966,44021964.05,12152456.72
11,2021,1,12,-0.5,5.5,0,80.4,10.78,697890,44297935.63,12172820.5
12,2021,1,13,4.3,3.4,0,77.5,11.74,697757,44700574.58,11826793.14
13,2021,1,14,6.6,0.1,0,76.8,12.16,697708,45528155.18,11263504.16
14,2021,1,15,7.9,8,0,83.9,7.46,697703,50697525.74,11632766.19
15,2021,1,16,0.3,8.3,0,60.9,7.43,697612,43369093.82,11311041.43
16,2021,1,17,-1.5,4.6,0,60.4,13.86,697621,48256148.76,10975681.5
17,2021,1,18,0.6,8,4,77.1,5.69,697615,52462598.54,11628328.85
18,2021,1,19,-1.3,0,0,46,14.39,697561,44539508.64,11704741.5
19,2021,1,20,3.2,2.6,0,51.1,13.68,697621,49980983.64,11663196.29
20,2021,1,21,7.6,8.3,6.8,81.4,5.47,697440,43991190.65,11361640.29
21,2021,1,22,9.4,9.9,2.9,97.9,4.14,697286,49362831,10826742.68
22,2021,1,23,9.3,10,4,96.8,3.29,697075,42324986.14,10337419.98
23,2021,1,24,8.8,3.6,0,70.5,12.93,697065,41435239.03,10343845.57
24,2021,1,25,8.8,5.1,0,66.8,13.75,697062,45719726.33,10734353.24
25,2021,1,26,6.5,9.8,8.7,90.6,3.79,696657,121941715,14122003.59
26,2021,1,27,5.1,4.9,0,41.8,14.25,696375,44919990.48,10988331.94
27,2021,1,28,0.7,7.9,1,71.8,6.84,696245,55912527.19,11950043.23
28,2021,1,29,-3.2,2.5,0,63.8,15.34,695954,44656748.88,11762888.42
29,2021,1,30,1.8,4.6,0.1,74,9.81,695755,48106043.81,11387336.07
30,2021,1,31,6.2,6,1.8,77.6,11.52,695641,51092094.94,10946838.55
31,2021,2,1,8.3,9.1,11.6,90.6,4.36,695648,42817324.39,10827504.23
32,2021,2,2,-1,0.6,0,45.6,16.45,695378,164012153.5,11988750.99
33,2021,2,3,0.3,2,0,50.3,16.03,695378,54992772.24,11144786.22
34,2021,2,4,1.6,1.3,1.1,49.1,16.67,696170,50299933.27,10636186.02
35,2021,2,5,2.8,6.1,0,41,11.02,696231,44263394.83,11207579.6
36,2021,2,6,5.7,6.9,0,71.4,6.55,695699,41713886.14,10613986.48
37,2021,2,7,7.4,4,0,65.8,14.14,695710,40098807.38,10625817.49
38,2021,2,8,0.3,0,0,44.8,17.29,695714,44448821.26,11118687.87
39,2021,2,9,1.7,0,0,40.1,17.32,695480,42671288.23,11642488.34
40,2021,2,10,4,2,0,58.1,15.93,695307,56912305.1,11386415.5
41,2021,2,11,6.4,8.5,0,63.6,10.21,695196,41690192.74,10460928.62
42,2021,2,12,9.3,6.1,0,47,15.04,695197,50671756.37,10552279.98
43,2021,2,13,10.6,0.8,0,41,16.83,695201,48063368.26,10086433.03
44,2021,2,14,10.9,9.1,0,55.1,7.98,695204,41074672.34,9731673.15
45,2021,2,15,3.9,8.9,0.6,65.9,7.26,695205,49818108.94,10586733.01
46,2021,2,16,0.4,4.5,0.9,60.5,13.96,674766,51172526.09,11146163.9
47,2021,2,17,-4.5,9.6,1.5,83.4,6.82,674535,52582732.9,12295603.5
48,2021,2,18,-2.2,8.6,0.2,69.1,9.52,674378,59241329.81,12663186.49
49,2021,2,19,3.8,1.1,0,65.4,18.39,674258,54768599.28,11901151.89
50,2021,2,20,10.6,0,0,74.8,16.01,674748,42189927.82,10532084.32
51,2021,2,21,13,0,0,65,17.9,674750,39113274.24,9853147.15
52,2021,2,22,10.5,0,0,62.1,16.61,674745,45267175.15,10558934.94
53,2021,2,23,3.6,2.8,0,38.5,16.24,674563,49218881.95,10475597.28
54,2021,2,24,3.9,7,0,42,5.49,674246,43160485.9,11312194.49
55,2021,2,25,4.7,9.6,14.8,86.1,2.83,674190,51385168.61,12106760.05
56,2021,2,26,9.7,8.3,0,59.1,15.45,674144,41161327.97,11061835.84
57,2021,2,27,9.4,6.3,0,46,17.92,674108,47440332.96,11276630.7
58,2021,2,28,8.9,9.8,0.4,70.9,6.06,674108,37423033.99,10639258.3
59,2021,3,1,11.5,9.4,39.7,95.9,3.51,674113,47450304.53,11408471.19
60,2021,3,2,4.7,5.1,0,74.8,15.61,674114,40004822.76,11561651.27
61,2021,3,3,6.2,4.5,0,64.9,18.39,674086,42163352.28,11605318.55
62,2021,3,4,6.9,9.5,8.9,85.8,5.31,674106,41988949.37,12048967.32
63,2021,3,5,10.7,3.8,0,71.5,19.82,674041,49365675.58,11464543.31
64,2021,3,6,10.4,7,0,67.6,14.83,673943,39426953.59,11007245.23
65,2021,3,7,8.7,7.6,0,69.9,12.78,673923,39077479.56,10490634.55
66,2021,3,8,8.6,4.6,0,66.1,19.79,673902,40151634.14,11332996.13
67,2021,3,9,8.6,5.5,0,48.6,18.48,673790,38509564.15,11095412.99
68,2021,3,10,10.6,0,0,45.1,20.71,673567,166512416.1,12572876.3
69,2021,3,11,11.8,7.9,1.6,58.5,17.85,673496,41589683.09,11167857.45
70,2021,3,12,9.2,8,16.2,93.9,6.05,673361,48860127.14,11517880.14
71,2021,3,13,9.6,0.6,0,74.8,20.62,673227,51144080.62,11249970.23
72,2021,3,14,9.8,0.4,0,67.5,20.73,673237,37081770.7,10170177.04
73,2021,3,15,12.3,5.8,2.4,69.3,17.43,673239,49470780.5,11555573.06
74,2021,3,16,11.3,3.8,3.5,64.8,21.36,673384,41929639.37,11193782.47
75,2021,3,17,9.7,1.8,0,53.6,21.09,673215,47648403.19,10817540.15
76,2021,3,18,11.7,2.1,0,62.4,21.93,743088,98972105.86,13181140.25
77,2021,3,19,13.9,7.4,0,60.3,18.9,672889,47681567.11,11009897.27
78,2021,3,20,9.7,10,11.1,94.6,3.75,673342,46496118.31,10889998.51
79,2021,3,21,6.8,8.8,0,63,17.19,673207,297225969.1,13515733.57
80,2021,3,22,7.5,1.3,0,47.8,23.98,673204,48079008.07,11214475.42
81,2021,3,23,10.1,0,0,61.4,22.66,672897,49606596.36,10853492.22
82,2021,3,24,11.8,5.4,0,56.3,15.14,672521,39582177.24,10539567.61
83,2021,3,25,13.3,0.3,0,59.9,23.73,672187,54497262.89,10364877.55
84,2021,3,26,14.8,3.6,0,46.9,21.84,671898,36536516.59,10167026.07
85,2021,3,27,14.7,9.4,38.5,83.6,4.23,671557,46205718.36,10353338.54
86,2021,3,28,12.4,6.8,0.5,85.6,13.85,671576,43753198.32,9702953.98
87,2021,3,29,13.1,5.1,0,53,18.87,671514,34130760.31,9692347.1
88,2021,3,30,14,2.8,0,33,22.3,671236,34675183.94,9564423.46
89,2021,3,31,15.3,5.4,0,43.6,21.86,670933,36438230.18,10209007.4
90,2021,4,1,16.7,8.1,0,36.6,15.06,670723,36230025.43,9685761.6
91,2021,4,2,18.7,8,0,44.3,13.43,670585,96378541.61,11774565.78
92,2021,4,3,16.8,10,11.6,87.8,3.49,670583,34710989.62,10258469.1
93,2021,4,4,11,9.6,3.3,97.9,3.6,670518,34834485.38,9737391.71
94,2021,4,5,12.4,0,0,56.3,26.75,670515,36578580.7,10156031.24
95,2021,4,6,12.4,2.8,0,52.4,22.13,670367,45405122.33,10200909.49
96,2021,4,7,14.1,1,0,44,26.05,670032,2280364441,33619790.7
97,2021,4,8,12.9,2.5,0,40.9,26.36,669794,44474825.33,9589594.95
98,2021,4,9,13.3,2.6,0,41,24.85,669617,34332553.01,9418898.93
99,2021,4,10,13.6,2.1,0,54.9,23.83,669477,68070330.77,9673208.61
100,2021,4,11,15.6,2.4,0,38.9,26,669452,85496908.85,9712601.53
101,2021,4,12,13.9,10,16.9,78.3,4.33,669454,41699200.99,10530207.72
102,2021,4,13,10,6.1,0.3,76.4,17.96,669454,44269330.3,9339219.42
103,2021,4,14,9.4,2,0,41.3,27.8,669079,72972997.7,9924175.74
104,2021,4,15,11.8,3.4,0,36.6,24.84,669182,173006213.4,14460832.04
105,2021,4,16,13.1,9,0,67.5,10.87,668799,35967949.03,9850072.84
106,2021,4,17,11.3,2.8,0,55.6,25.17,668868,63568397.66,10150712.38
107,2021,4,18,11,0.9,0,49.4,27.94,668998,44191536.07,10116177.34
108,2021,4,19,12.8,0.4,0,53.4,28.14,668942,34364368.03,10067214.54
109,2021,4,20,15.9,1.9,0,48.9,27,668777,31076241084,10067214.54
110,2021,4,21,19.2,8.1,0,37.9,19.37,668636,36566735.88,10011529.6
111,2021,4,22,19.7,9.5,0,36.5,10.47,668443,42754053.82,9834486.62
112,2021,4,23,21.3,7.6,0,28.4,21.81,668197,42165563.64,9880064.72
113,2021,4,24,19.1,5.5,0,33.5,26.14,667965,32420656.73,8983125.41
114,2021,4,25,17.8,3.1,0,51.1,22.24,667965,44454647.64,9458350.74
115,2021,4,26,16.5,4.8,0,50.6,26.52,667971,42297781.9,8846634.54
116,2021,4,27,16.6,8.6,0,53.8,15.23,667675,35030119.51,9587004.8
117,2021,4,28,17.9,8.3,0,53.8,21.43,667491,33058837.03,9269369.12
118,2021,4,29,17.4,6.1,1.8,47.5,26.41,667338,33582251.93,9442716.28
119,2021,4,30,14.7,6.1,0.3,59.8,27.07,667213,34233230.35,9425534.27
120,2021,5,1,10.6,7.6,12.8,78.8,11.22,667086,33217106.21,9709699.05
121,2021,5,2,12.3,3.9,0,69.5,20.18,971,35062523.38,8687440.4
122,2021,5,3,15.6,2.9,0,61.9,28.3,667077,34084315.2,8862356.46
123,2021,5,4,17.4,9.8,13.6,87.1,7.68,667071,44643186.91,10171799.74
124,2021,5,5,15,2.9,0,57.1,29.19,667037,31460224.51,9044358.37
125,2021,5,6,16,6.1,0,43.6,22.42,667017,46055617.22,9112801.72
126,2021,5,7,16.3,4.8,0,49.9,14.29,666962,36253649.4,10182513.06
127,2021,5,8,16.2,3.3,0,58.9,27,666837,37807059.41,9824714.49
128,2021,5,9,17.5,1.6,0,43.8,29.04,666787,33305398.18,9215412.59
129,2021,5,10,18.3,9.5,0,39.8,11.37,666779,32489951.74,9754259.83
130,2021,5,11,19.4,9.3,0,55.8,13.85,666736,45687759.53,10086434.16
131,2021,5,12,22.2,4.9,0,48.5,23.31,666654,45521609.11,9996657.93
132,2021,5,13,22.5,2.8,0,62.8,27.09,666616,48304202.81,9889388.13
133,2021,5,14,23,8.5,0,66.8,20.85,666656,59310293.33,9427237.72
134,2021,5,15,21.6,10,30.2,96.1,6.27,666961,34198756.22,9701934.4
135,2021,5,16,20.8,10,59.6,99,5.31,666865,51966305.98,10349121.05
136,2021,5,17,15.9,8.4,1.4,98.1,6.29,666904,33359473.92,9331180.46
137,2021,5,18,18.1,7.5,0,82.1,20.51,666857,32743812.79,8875947.61
138,2021,5,19,21.2,6.4,0,63.3,26.71,666878,42172997.21,9516881.62
139,2021,5,20,16.5,9.9,11.2,93.4,5.17,666976,43599119.26,10095373.64
140,2021,5,21,16.4,6.5,0.2,82.1,19.07,666846,34829535.67,9611809.57
141,2021,5,22,19.3,1.5,0,67.3,29.55,666787,43012038.05,9311177.23
142,2021,5,23,22,5.9,0,66.4,25.99,666787,31231882.46,8875300.77
143,2021,5,24,19.9,5,0.4,68.9,25.07,666788,42671540.21,9654598.78
144,2021,5,25,17.6,5.4,0,62.1,24.88,666765,43436189.98,8701136.38
145,2021,5,26,18.3,10,0,59.8,15.72,667470,42490999.99,8768260.31
146,2021,5,27,16.8,5.9,0,84.9,14.99,667618,41699670.74,9099135.42
147,2021,5,28,17.9,4.1,10,80.6,19.25,667625,133946276.2,13406684.8
148,2021,5,29,19.4,1.1,0,68.8,29.2,667556,50577395.35,9745642.88
149,2021,5,30,22.1,2.4,0,49.1,29.57,668276,68822908.97,10266142.51
150,2021,5,31,23.7,3,0,43,28.51,668191,61456926.48,10942494.36
151,2021,6,1,23.5,4,0,51.3,27.42,668291,43770318.43,10171579.92
152,2021,6,2,23.4,6.6,0,61,21.53,668041,72243554.98,11440269.04
153,2021,6,3,19.8,9.5,22.7,92.6,5.13,668080,77335606.18,11319210.75
154,2021,6,4,20,4.6,1.4,67.1,29.77,668269,48445498.27,10609431.1
155,2021,6,5,20.9,2.9,0,81.1,22.66,668516,69333106.34,11782179.27
156,2021,6,6,22.8,1.6,0,61.6,25.15,668849,73601544.48,11143117.53
157,2021,6,7,24.1,4.1,0,56.3,25.55,668849,59495383.82,11297349.15
158,2021,6,8,25.5,3.8,0,57.5,28.42,668849,47904907.37,10003843.15
159,2021,6,9,26,3.3,0,61.5,28.61,744440,69644321.81,13430813.5
160,2021,6,10,23.6,9.3,9.7,70.8,11.99,668850,72067114.15,12116275.58
161,2021,6,11,24.3,7,27.4,84.4,23.36,669017,75825506.81,13752441.58
162,2021,6,12,25.1,7.4,0,83.4,21.84,669063,65446592.54,11663369.59
163,2021,6,13,23.9,6,0,83.8,25.61,669327,70000597.51,10547766.46
164,2021,6,14,23.4,7.5,0,82.3,20.03,669060,34725142.18,9374466.34
165,2021,6,15,20.9,9.6,21.2,93.8,5.95,669378,58291973.45,12488712.08
166,2021,6,16,23.4,7.1,0,76.9,24.6,669475,199619645.2,14184481.22
167,2021,6,17,22.4,8.6,0.9,82.9,10.65,670094,83746260.65,14118898.7
168,2021,6,18,21.3,9.6,4.1,97.4,0,670287,60816768.82,10836706.61
169,2021,6,19,23.1,4.6,0,80,24.58,670700,63979975.99,11877432.7
170,2021,6,20,24,5.8,0,64.8,27.47,671346,74757811.99,12589555.05
171,2021,6,21,25.1,1.9,0,55.4,30.89,671380,103827643.6,13433525.3
172,2021,6,22,24.3,3.6,0,70,25.03,671569,89875804.99,15306358.32
173,2021,6,23,23,6.8,0.2,81.1,15.77,671992,78960331.49,14317723.49
174,2021,6,24,23,7.1,0,79.6,16.34,672116,95089127.71,14231694.34
175,2021,6,25,23.4,6.8,6.4,81.1,18.37,673310,76446931.66,10711804
176,2021,6,26,23.9,8.1,0.3,79.3,17.02,673736,84653734.03,16580475.26
177,2021,6,27,24.7,5.1,0.9,76.4,19.62,673698,111978053.9,15544938.39
178,2021,6,28,22.8,5.4,18.8,91.3,15.34,673776,192497183.1,12040564.72
179,2021,6,29,23.2,6.9,1.1,88.3,18.5,673776,60948337.87,12071621.06
180,2021,6,30,23.9,7,3,84.6,16.01,673776,53660414.69,12642546.97
181,2021,7,1,25.7,4.8,0,77.6,23.86,673509,148136549.7,14798273.28
182,2021,7,2,26.1,7.1,0,81.8,17.21,673450,54033560.71,12404048.85
183,2021,7,3,23.7,9,27,93.9,5.56,673622,61537154.5,10778514.5
184,2021,7,4,23.1,9.6,1.6,96.6,8.93,673581,406263341.5,15989710.92
185,2021,7,5,21.9,10,29.1,98.6,5.21,673334,51015877.87,11935560.8
186,2021,7,6,23.1,10,119.5,99,3.27,672730,50906291.81,10499231.76
187,2021,7,7,25.2,10,17.9,99,7,672731,53395254.96,11764084.23
188,2021,7,8,25.6,9.5,0.9,96.9,11.66,673744,66420723.98,13049646.04
189,2021,7,9,25.8,7.5,4.2,94.4,17.77,673394,97507069.56,12959526.23
190,2021,7,10,26.4,5.6,0,90.9,19.24,673551,66382509.58,13101207.22
191,2021,7,11,27.2,6.1,0,90.5,17.66,673388,53454142.1,12807565.43
192,2021,7,12,28.1,6.5,0,87.5,21.16,673571,50518010.11,12107383.07
193,2021,7,13,28.4,5.6,0,81.5,22.3,673211,115262442.5,16012656.61
194,2021,7,14,28.2,7.9,0,84.8,16.15,673236,47453105.02,11702399.51
195,2021,7,15,28.7,6,0,78.4,26.02,672764,102445967.5,14114530.65
196,2021,7,16,25.9,5.4,1.4,92.5,18,672783,101161756.8,13290844.74
197,2021,7,17,26.2,5.6,0.2,82.1,23.31,672347,91590125.59,12186995.82
198,2021,7,18,27.3,5.9,0,77.8,22.12,672534,64355357.26,12079098.95
199,2021,7,19,27.8,6,0,78.4,20.79,672344,77499564.05,14344592.27
200,2021,7,20,27.7,7.5,0,81.5,17.52,672336,48673918.32,13386126.03
201,2021,7,21,29,3.8,0,74.6,26.22,672130,56336968.94,13905745.44
202,2021,7,22,28.7,4.8,0,70.5,23.56,671878,77719039.37,11771335.52
203,2021,7,23,28.7,6.8,0,70.9,22.38,671722,52703178.94,12666306.97
204,2021,7,24,29.1,7.9,0,68.3,22.86,671728,54247104.98,14345261.45
205,2021,7,25,29,6.6,0,61.5,22.94,671778,52866380.33,12481385.42
206,2021,7,26,28.3,5.1,0,67.3,20.25,671782,57787325.57,13243836.18
207,2021,7,27,28.3,1.8,0,67.9,19.96,671784,50282801.06,13662594.69
208,2021,7,28,28.9,4.4,0,71.9,19.15,671873,60460819.18,14356534.27
209,2021,7,29,29,4.9,0,72.9,20.75,671975,48548861.64,13408822.34
210,2021,7,30,28.1,6.3,0.4,77.5,20.07,672183,55504163.3,13378938.42
211,2021,7,31,29.1,6.3,25.4,80.1,23.36,672417,60166798.94,14285401.19
212,2021,8,1,28.2,8.6,1,86.3,16.19,672669,59741227.54,13897061.9
213,2021,8,2,26.9,9.3,45.3,96.1,12.71,672685,51826734.02,13395144.34
214,2021,8,3,27,7,9.9,90.5,17.07,672716,54468286.03,13773789.27
215,2021,8,4,28.6,3.4,0,79.5,23.1,672872,77999062.82,15033661.9
216,2021,8,5,28.8,4.1,0,79.3,18.02,673149,65096323.58,16194826.47
217,2021,8,6,26.6,3.8,59.4,85,24.15,673557,67710076.06,14338019.24
218,2021,8,7,27.8,4.8,0,79.1,25.37,673923,55171190.83,13151978.22
219,2021,8,8,26,7.6,5,91,10.24,674401,49398400.54,12719199.07
220,2021,8,9,27.2,5,0,81.3,25.99,674409,79244218.18,16930617.66
221,2021,8,10,27.6,7,0,80.6,20.12,674442,49335258.82,12539401.13
222,2021,8,11,26.5,5.3,0,83.1,17.82,674909,51289804.66,12537573.79
223,2021,8,12,26.3,7.1,0.6,84.8,14.3,675507,52054086.41,13431151.24
224,2021,8,13,25.6,9.3,4,90,11.44,676046,43472328.5,10473601.31
225,2021,8,14,24.3,7.9,12.8,88.9,15.5,676046,42814423.1,9475584.51
226,2021,8,15,24.7,7.3,13.7,87.5,16.53,676251,54297614.59,10181863.44
227,2021,8,16,25.7,4.6,0,79.5,0,676259,63639484.51,12860578.75
228,2021,8,17,25.5,7,17.2,73.9,24.47,676259,51949835.71,11993767.1
229,2021,8,18,22.7,6.9,22.7,93.4,13.72,676314,81117410.45,15008253.08
230,2021,8,19,22.7,6.4,19.2,90.6,15.44,676374,63170026.01,11182936.97
231,2021,8,20,24.8,3.1,0,84,21.48,676580,50678367.53,9993453.7
232,2021,8,21,24.5,9,19.9,98,3.8,676669,59229861.29,10906039.21
233,2021,8,22,25.8,7.9,0,89.5,18.26,676741,45671592.89,9931263.79
234,2021,8,23,24.1,9.9,30.6,98.8,0,676743,59794723.85,11388236.44
235,2021,8,24,25.2,9.4,29.6,98.8,0,676743,64281835.97,11912486.07
236,2021,8,25,25.2,9.8,10.7,97.9,8.42,676743,72569591.98,12488444.7
237,2021,8,26,26.3,5.9,0,82.4,21.14,676872,50335568.93,11039799.68
238,2021,8,27,23.5,8.3,10.6,98.9,7.63,676912,48996060.84,11099480.96
239,2021,8,28,25.1,6.1,0,84.3,19.74,676983,48157351.42,11036569.49
240,2021,8,29,25.5,9.5,24.6,97.8,9.2,677417,49517271.84,11834215.47
241,2021,8,30,25.5,7.9,1.9,91,16.25,677420,53415478.82,12016367.33
242,2021,8,31,26.5,7,0,89.5,18.43,677457,51136307.26,11145382.13
243,2021,9,1,24.5,9.4,45.7,97.4,5.5,678062,48376385.26,11683753.69
244,2021,9,2,21.6,9.5,3.4,98.4,5.69,678733,40720079.45,9521049.45
245,2021,9,3,22.4,8.8,1.3,94.1,14.17,679361,46479865.66,10212886.76
246,2021,9,4,23.4,8.8,0,88.6,13.17,680075,46564818.72,10170390.87
247,2021,9,5,21.6,10,1.1,91.1,5.99,680607,40416713.14,9753544.72
248,2021,9,6,21.2,9.9,2.1,93.3,6.07,680610,47572271.28,9271357.58
249,2021,9,7,22.4,9.3,2.4,94.4,6.73,680650,48160219.63,11034311.57
250,2021,9,8,22.7,5.9,0,84.4,19.76,681367,49047976.78,11054374.04
251,2021,9,9,23.1,7.8,0,84.5,16.68,682026,75545713.27,11415963.93
252,2021,9,10,23.1,8.5,0,93,7.33,682856,54466914.02,10599922.95
253,2021,9,11,24.9,2.9,0,83.9,20.67,683624,54709346.45,11548920.88
254,2021,9,12,24.8,7,0,83.3,18.2,684358,46610488.46,13267265.4
255,2021,9,13,24.2,8.8,0,69.8,15.62,684377,52208098.03,13009049.55
256,2021,9,14,22.5,9.3,2.5,85.1,7.06,684428,53235318.82,13071093.72
257,2021,9,15,24.1,5,0,64.1,22.98,685171,64282424.42,14928813.06
258,2021,9,16,21.3,7.8,2,82.5,9.8,686276,53086284.07,12426947.37
259,2021,9,17,23.2,7.6,3.2,86.5,15.23,687355,184710661.5,19025449.75
260,2021,9,18,23.3,7.1,0,81.8,13.75,688227,64661302.66,14634470.03
261,2021,9,19,23.5,4,0,77.1,17.94,689437,71122591.75,14940599.77
262,2021,9,20,23.9,4.6,0,78.6,21.96,689816,47177081.66,11266199.61
263,2021,9,21,22.5,6.4,32,92.9,11.06,689817,69186614.02,15071153.5
264,2021,9,22,23.2,3.3,1.9,84.8,18.2,689821,66847706.3,15650297.5
265,2021,9,23,21.5,2.9,0,72.6,21.43,689828,64989201.91,13323043.08
266,2021,9,24,20.9,3.6,0,76.6,19.35,689850,68056722.6,15541533.18
267,2021,9,25,21.9,6.5,0,79.8,15.58,690726,56093144.66,11362678.98
268,2021,9,26,22.2,8.4,0,78,13.07,691665,146612848.4,18020046.35
269,2021,9,27,23,8.4,0,73.8,12.17,691671,86421055.68,15163826.57
270,2021,9,28,22.7,9.1,0.3,83.8,10.69,691706,46897084.7,11851479.43
271,2021,9,29,22.7,9.8,31.2,97.8,3.32,698076,65134753.73,14591860.42
272,2021,9,30,23.5,1.5,2,67.9,0,699473,69404588.28,13614177.18
273,2021,10,1,22,2.5,0,88,11.15,687167,65960944.46,6200904.63
274,2021,10,2,22.8,1.1,0,84.1,13.76,699563,65766685.34,14943717.25
275,2021,10,3,23.7,2.5,0,77.8,20.29,700204,64010509.94,13672791.5
276,2021,10,4,25.5,5.1,0,83,17.12,700220,68500588.58,14561277.42
277,2021,10,5,24.4,2.3,0,84.1,18.9,700232,48053133.17,12302416.67
278,2021,10,6,23.9,2.6,0,81.5,20.81,700275,65727849.86,14600587.89
279,2021,10,7,22.2,3.9,0,91.8,10.76,701212,66125754.6,14914010.73
280,2021,10,8,22.3,8.5,0,93.3,10.27,702167,127857522.6,18448659.44
281,2021,10,9,24.7,5.5,0,80.4,16.77,703905,110314844.4,16040328.54
282,2021,10,10,24.1,6.8,2.1,90.6,12.74,705122,255814664.1,17100355.46
283,2021,10,11,15.9,10,9.9,98.8,4.91,705136,64081076.28,13621274.81
284,2021,10,12,17.4,10,5.9,98.9,3.81,705146,65796359.3,15835844.71
285,2021,10,13,20.1,8.4,0,90.6,10.16,705187,85998797.98,15959661.47
286,2021,10,14,21.8,5.1,0,85.4,14.09,709069,91289257.49,16130796.2
287,2021,10,15,19.4,8.4,12.3,88,10.14,713638,48645343.25,11700752.5
288,2021,10,16,13.6,9.5,4.3,70.8,6.75,715895,48437853.02,10649765.79
289,2021,10,17,8.2,1.3,0,43,20.19,716126,44737025.62,11103839.4
290,2021,10,18,11.4,3,0,53.1,19.2,716143,53130689.64,12035471.5
291,2021,10,19,11.9,6,0.8,77.8,11.65,717816,67045096.2,14481354.76
292,2021,10,20,10.5,7.3,0,64,13.02,721029,61815861.89,12556513.31
293,2021,10,21,11.3,4.5,0,71.3,17.83,722240,87546174.17,13502688.54
294,2021,10,22,11.6,0.1,0,61.1,17.73,723238,63469504.7,13735963.08
295,2021,10,23,12.6,0,0,59.4,18.25,726427,66229803.94,14105625.87
296,2021,10,24,13,5,0,62.5,15.96,726589,46206814.06,10212281.42
297,2021,10,25,13.1,1.3,0,70.8,17.03,726598,51308182.75,11643726.29
298,2021,10,26,13.6,3.6,0,69.1,16.37,727324,65567403.34,13375846.57
299,2021,10,27,14.1,1.4,0,71.6,15.61,728111,70514683.34,15092216.24
300,2021,10,28,13.8,0.8,0,61.8,17.39,729103,65252908.01,14356240.83
301,2021,10,29,15.1,4,0,66.4,14.71,730251,79896617.66,14543712.06
302,2021,10,30,13.9,5.6,0,75.9,6.63,731176,75820797.62,14932870.59
303,2021,10,31,14.7,1.6,0,75.6,15.7,731330,67884687.91,15205847.41
304,2021,11,1,14.5,3.4,0,80,13.22,731338,77094132.98,15366911.32
305,2021,11,2,12.1,3.5,0,79,12.29,732291,76796736.17,17427097.77
306,2021,11,3,12.2,4.1,0,72.4,14.77,735073,50402073.43,12915492.11
307,2021,11,4,13.9,2.3,0.4,78.5,14.78,736153,76396928.9,16115801.43
308,2021,11,5,13.7,5.1,0,72.9,10.83,736616,76333767.79,12957658.95
309,2021,11,6,15.7,1.6,0,58.5,14.78,737012,49058774.02,13205699.24
310,2021,11,7,16.6,3.8,0,61.4,14.6,737117,55297811.86,11433967.36
311,2021,11,8,11.6,9.1,21.2,82.1,4.73,737126,141905935.4,13218532.45
312,2021,11,9,8.4,9.4,0.5,79.1,5.36,738397,70160722.51,16955177.84
313,2021,11,10,7.8,10,20.6,94.4,4.73,738976,59454029.21,14246906.34
314,2021,11,11,8.1,8.5,7.3,94.9,5.4,739305,82812397.73,18968075.03
315,2021,11,12,7,5.8,2.2,90.4,9.13,739669,62957138.98,13207403.62
316,2021,11,13,9.1,4.3,0,85.9,11.1,739832,78141952.32,18356953.52
317,2021,11,14,10.3,2.9,0,83.5,10.63,739864,46527470.54,12113821.35
318,2021,11,15,10.8,2.9,0,82.9,12.34,739879,50492597.78,12633434.13
319,2021,11,16,10.6,3.1,0,69.8,12.26,710114,79895451.58,16185816.63
320,2021,11,17,9.5,3.1,0,72.3,13.58,710097,73251567.77,15990792.01
321,2021,11,18,10.5,2.1,0,79.1,12.86,713231,58773540.05,12357717.56
322,2021,11,19,11.5,2.3,0,87.1,12.1,713486,51401250.19,13365977.5
323,2021,11,20,10.9,4.9,0,91.8,10.44,713636,69089260.15,15757012.15
324,2021,11,21,12.3,8.5,0,91.4,5.23,713664,56283815.3,14564410.03
325,2021,11,22,7.3,7.9,1.9,73.6,6.92,713673,80799601.27,16789615.64
326,2021,11,23,4,9.6,8.5,97,4.52,713360,72637875,15725123.75
327,2021,11,24,8.3,5,0,76.4,9.21,713081,72018056.38,10570928.34
328,2021,11,25,9.8,2.8,0,73.3,10.51,712858,77952406.73,17069348.61
329,2021,11,26,7.6,0,0,60.1,13.54,712556,57093271.42,13336810.47
330,2021,11,27,7,0,0,60,13.67,712556,47517521.57,12154499.63
331,2021,11,28,7.7,3.3,0,60.8,13.06,712556,54754358.42,11959936.34
332,2021,11,29,8.9,2.4,0,69.6,12.51,712556,223495361.7,18386948.46
333,2021,11,30,8.7,9.1,23.2,86.5,1.73,712545,70282289.02,17011730.86
334,2021,12,1,2.4,9.6,1.5,81.1,4.57,714160,75313222.99,16135211.85
335,2021,12,2,4.2,8,0,67.9,10.64,714126,50315700.58,12730521.08
336,2021,12,3,5.9,6.9,0.5,76.5,6.6,716063,90474457.94,14103812.67
337,2021,12,4,4.7,4,0,67.4,6.47,716299,108353356.9,11300697.24
338,2021,12,5,5.4,0.8,0,72.1,12.22,716217,58275498.26,13657316.74
339,2021,12,6,8.3,4.1,0,77.8,12.14,716251,60240007.13,12356993.91
340,2021,12,7,8,0,0,75.1,11.56,716150,67262207.52,16671442.13
341,2021,12,8,8.1,0.3,0,71.8,12.13,716535,74245782.07,12911894.91
342,2021,12,9,8.3,6.1,0,77.4,8.08,716676,67597312.32,15981043.45
343,2021,12,10,9.9,5.3,0,86.6,7.8,716858,141501611.3,19191906.61
344,2021,12,11,8.6,5.5,0,81.8,10.37,718334,94502216.45,14289218.09
345,2021,12,12,6.3,4,0,69.8,6.12,718517,47520314.18,13254959.3
346,2021,12,13,1,0.1,0,50.9,12.83,718534,53075592.29,12663690.12
347,2021,12,14,3.5,5,0,66,9.93,718564,50535129.5,13205188.38
348,2021,12,15,7.5,4.9,0,82.3,8.58,721826,178989498.9,14421100.51
349,2021,12,16,7.8,8.3,0.5,92,5.67,721572,50453375.45,13143844.34
350,2021,12,17,0.2,7.6,3.5,79,4.92,721603,67116983.3,13553240.88
351,2021,12,18,-2.3,4.1,0,68.5,10.5,722181,60432291.77,15878710.25
352,2021,12,19,3.3,3.9,0.1,74.3,10.55,722015,45584705.62,11941542.96
353,2021,12,20,6.1,2.1,0,74.8,9.46,722566,83277250.03,19216864.87
354,2021,12,21,7,1.1,0,82.9,9.63,723201,66789334.27,17028310.49
355,2021,12,22,5.8,0,0,58,12.23,722783,39350279.47,10424313.28
356,2021,12,23,5.4,0.9,0,53.4,11.48,722917,53547797.83,11256530.03
357,2021,12,24,3.7,6,0,68.8,7.21,723036,52786920.02,13781619.76
358,2021,12,25,-3.8,7.3,0,63.5,7.03,723044,61560756.41,16404019.44
359,2021,12,26,-5.2,1.5,0,53.6,12.71,722921,78272118.67,20344289.78
360,2021,12,27,-2.1,3.4,0,65.9,11.35,722925,81378863.04,17271923.61
361,2021,12,28,3.3,6.8,0,69.3,7.49,724120,87387746.14,13906304.21
362,2021,12,29,4.5,8.3,0,70.4,7.77,724317,52259810.21,13551904.46
363,2021,12,30,1.9,6.1,1,67.1,9.89,724111,123001864.7,19575333.57
364,2021,12,31,-1.9,2.9,0,62.5,10.95,723981,53408419.92,15011622
365,2022,1,1,-0.1,5.4,0,39.4,11.91,723966,48101916.29,10770673.97
366,2022,1,2,0.7,2.6,0,67.1,7.43,723985,71885697.96,15619732.26
367,2022,1,3,0.4,0.3,0,70,13.18,723981,71765381.3,15496153.19
368,2022,1,4,2,4.3,0,54.8,12.34,723980,72829415.14,17876744.8
369,2022,1,5,2.2,9.3,0,37.1,4.53,723872,74568036,17122196.96
370,2022,1,6,2.4,0.6,0,44.4,12.98,723968,54131012.59,12473914.99
371,2022,1,7,0.9,0,0,56.3,13.38,723914,52269919.3,12728184.44
372,2022,1,8,1.7,2.5,0,62,12.69,723509,51312469.3,13163031.3
373,2022,1,9,3.3,5.8,0,74.3,9.5,723521,68832845.59,15560029.82
374,2022,1,10,2.8,5.4,0,71.3,11.41,723618,70454581.49,16713065.04
375,2022,1,11,-1.6,9.8,0.2,82.4,8.22,723655,70144238.64,15779107.74
376,2022,1,12,-2.5,6.5,0,64.4,9.76,723382,70271038.78,17055927.85
377,2022,1,13,-2.5,8.9,0,72,6.38,723251,74003416.2,18697053.71
378,2022,1,14,-0.9,3.4,0,49.3,13.72,723103,51046785.89,13157721.44
379,2022,1,15,2.2,5,0,54.5,9.81,722906,71723535.05,17731911.07
380,2022,1,16,1.9,6.4,0,66.6,11.28,722846,69444079.22,15471081.74
381,2022,1,17,0.4,5.5,0,63,9.38,722846,52916002.13,12329436.76
382,2022,1,18,-1.3,0,0,40.8,14.44,722720,81700262.38,16044863.71
383,2022,1,19,-0.1,4.4,0,59.9,12.41,722795,75384216.07,16404239.23
384,2022,1,20,-1.4,0.1,0,52.5,13.98,722630,60949364.02,13798093.41
385,2022,1,21,1.7,3.9,0,59.6,12.95,722811,92125310.64,16338371.1
386,2022,1,22,7.1,8.6,0,57,7.8,722589,63576707.69,15391604.47
387,2022,1,23,7.1,7.8,0,62.8,6.41,722454,83403430.61,12719320.82
388,2022,1,24,6,7.3,0,65.6,7.65,722458,71943628.85,16220853.08
389,2022,1,25,5.7,8.5,0,71.5,3.78,722459,56558608.3,13180884.15
390,2022,1,26,4.1,5,0,60.6,11.75,722271,73752291.26,16772176.25
391,2022,1,27,2.4,4.5,0,51.6,13.48,722295,123141167.4,18361449.3
392,2022,1,28,1,4.3,0,51.8,14.65,722235,76651886.86,18331082.84
393,2022,1,29,0.6,6.9,0,47.8,0,722011,54523965.86,13985687.98
394,2022,1,30,0.7,4,0,45.9,15.01,722020,54750501.89,14366727.72
395,2022,1,31,1.4,1.3,0.1,56.3,15.3,722034,56069741.26,14658127.68
396,2022,2,1,1.8,6.6,0.6,70.9,7.73,722047,72116444.62,12067833.83
397,2022,2,2,1.4,4.8,0,55.5,13.94,722047,941794439.8,20480995.6
398,2022,2,3,0.5,4.1,0,45.9,15.92,722038,357533610.6,17109769.4
399,2022,2,4,-0.6,6.6,0.2,59.3,12.97,722020,204826493.1,18657965.8
400,2022,2,5,-2.1,8,0.3,78.8,11.52,721934,289211764.3,17409384.48
401,2022,2,6,-1.4,4.5,0.2,77.9,9.68,721937,63160582.2,12945670.02
402,2022,2,7,-0.1,8.4,0,48,6.52,721924,74864836.3,18647064.44
403,2022,2,8,1.8,2.6,0,48.3,15.46,721766,343786389.7,22416561.87
404,2022,2,9,3.3,5.6,0,53.5,12.26,721789,342084695.6,20531157.04
405,2022,2,10,4.2,2.1,0,45.3,16.23,721716,66785712.41,16497414.72
406,2022,2,11,4.8,2.8,0,45,16.2,721593,77690163.74,18675696.66
407,2022,2,12,6.9,3.5,0,43,16.31,721209,79430584.01,18338117.25
408,2022,2,13,7.8,7.5,0,45.6,11.67,721212,74957348.59,17776280.41
409,2022,2,14,5.6,2.9,0,59.4,14.13,721214,78052828.08,16940638.07
410,2022,2,15,-0.5,7.8,0,65.4,9.31,721218,60260619.14,14667485.45
411,2022,2,16,-3.1,7.4,1.1,83,9.63,720966,77778388.99,18945505.14
412,2022,2,17,-3.9,2.8,0,56.5,18.93,720884,100552925.1,18167874.42
413,2022,2,18,1.4,6,0,50,17.03,720825,88075771.63,22074538.53
414,2022,2,19,2.2,9.3,0,56.1,8.18,720866,92030776.39,19430853.76
415,2022,2,20,-2.1,4,0.3,60.5,15.96,720873,78917119.85,18534771.19
416,2022,2,21,1,4.1,0,60.1,15.28,720654,64160819.74,14738424.72
417,2022,2,22,0.2,5.1,0,50.5,17.34,720717,79703172.26,14609625.92
418,2022,2,23,-2,4.3,0,43.8,17.24,720445,96253985.98,17177625.46
419,2022,2,24,0,2.1,0,50.5,14.92,720377,121341754.5,17754430.03
420,2022,2,25,3.3,0.3,0,64.4,17.92,720617,206013084.4,22162817.07
421,2022,2,26,6,4.8,0,71.4,17.29,720328,156877571.7,21525368.68
422,2022,2,27,6,0,0,40.6,20.27,720346,158215037.9,22942752.06
423,2022,2,28,7.6,4,0,46.4,15.95,720345,180944014.6,22017106.34
424,2022,3,1,7.1,7.3,2.9,85.3,10.26,720177,155821214.2,18984372.5
425,2022,3,2,4.1,0.8,0,55,20.29,720175,183112582.4,23670183.38
426,2022,3,3,6.7,0,0,67,18.71,720202,145485579.5,20716574.13
427,2022,3,4,10.5,4.9,0,67.5,16.42,720034,159102161.5,22440727.67
428,2022,3,5,5.2,0.1,0,50.4,17.12,719715,147512193.2,24361698.99
429,2022,3,6,3.3,2.6,0,40.1,0,719738,146069943.6,22004904.71
430,2022,3,7,4.8,4.9,0,43.6,17.42,719744,167049131.7,24849729.47
431,2022,3,8,7.2,1.5,0,52.4,20.64,719715,150411734,20629239.74
432,2022,3,9,9.5,0,0,53.4,21.15,719746,155784944.6,22447324.82
433,2022,3,10,11.3,4.8,0,50.3,17.37,719586,138568038.8,20191737.02
434,2022,3,11,14.6,6.6,0,70.6,11.02,736759,194673793.5,21358046.92
435,2022,3,12,17.1,7.3,0,75.9,15.4,736838,140726837.5,20201449.32
436,2022,3,13,15.2,9.4,16.4,95.1,2.18,736693,162574576.9,23492655.28
437,2022,3,14,11.9,8.8,1,97.5,4.5,736672,145160477.5,17305171.27
438,2022,3,15,10.3,3.1,0,72.3,21.46,736426,237473107.4,20917481.65
439,2022,3,16,13.3,3.1,0,59,21.25,736222,207330886.5,23124764.23
440,2022,3,17,11.3,10,5.6,80.1,3.93,736280,184475194.6,23519211.11
441,2022,3,18,8.5,9.6,4.6,96.6,5.11,735962,219600386.6,22811687.34
442,2022,3,19,5.3,9.4,10,88.5,4.17,735684,222127607.7,27203235.49
443,2022,3,20,5.2,8.1,0,82.1,8.83,735454,159018202.5,23674510.63
444,2022,3,21,7.4,7.9,0,51.1,16.04,735456,187518086,24609546.16
445,2022,3,22,8.2,7.4,0,47.4,20.5,735469,178218727.1,24681895.13
446,2022,3,23,7.4,5.8,0,62.6,13.34,735295,167858333.5,22674701.41
447,2022,3,24,9.8,1,0,60.4,21.72,735086,144820342.3,21413952.01
448,2022,3,25,14.6,8.5,27.5,76.8,10.62,734964,396972498.4,25136783.03
449,2022,3,26,10.5,9.6,37.2,96.9,3.55,734763,132585401.2,21042800.68
450,2022,3,27,8.9,5.4,0,61.9,21.2,734518,364561284.2,22233851.21
451,2022,3,28,9.4,3.3,0,41.5,20.53,734567,178017949.1,24865125.5
452,2022,3,29,11.9,0,0,55.5,24.71,734629,157043522.4,24205291.78
453,2022,3,30,14.9,7.1,0,77,13.86,734656,147211999.5,24409259.63
454,2022,3,31,10.8,8.6,0,84.9,10.9,734486,166602249,23100695.69
455,2022,4,1,10,4.3,0,65.8,19.12,734357,173872134.1,22958409.55
456,2022,4,2,8.4,0,0,53.6,26.1,734154,123627963.4,22794784.21
457,2022,4,3,9.7,0.8,0,47.6,25.57,734040,142930847.1,20394883.88
458,2022,4,4,11.1,0.5,0,44.9,26.06,734020,165766668.6,23585682.18
459,2022,4,5,11,5.6,0,39.9,20.45,734026,124411186.8,21116384.02
460,2022,4,6,12.5,0,0,56.5,24.12,733812,144803250.3,21934274.55
461,2022,4,7,12.2,2.8,1.2,60.6,22.65,733760,89509452.94,15908599.5
462,2022,4,8,14.8,0.4,0,40.3,26.23,733620,132869287.9,20888978.03
463,2022,4,9,17.8,1,0,38.4,25,733530,91138607.16,19440652.88
464,2022,4,10,18.7,4.9,0,52.1,23.91,733468,96436579.56,18847353.03
465,2022,4,11,20.5,3.1,0,77.4,21.81,733469,74556650.81,13980383.77
466,2022,4,12,21.1,5,0,79.5,23.97,733478,193448279.7,19107810.81
467,2022,4,13,17.9,9.4,2.4,94,7.47,733330,131539549.7,20411526.28
468,2022,4,14,15.4,9,0.1,78.3,15.46,733190,185558560.6,19135174.09
469,2022,4,15,14.4,3.8,0,57.6,26.98,733188,73726960.46,12899984.29
470,2022,4,16,13.3,2.1,0,45.5,27.03,733045,100761719.9,18521204.07
471,2022,4,17,13.8,3.1,0,38.5,27.92,732913,103427233.1,15322207.25
472,2022,4,18,16.4,7.6,0,30.9,21.97,732889,94165499.28,17567527.21
473,2022,4,19,16.3,1.6,0,30.9,27.48,732917,82730156.9,14799323.31
474,2022,4,20,16.3,0.5,0,40.6,27.85,732675,109650851.6,17488434.32
475,2022,4,21,15.4,4.9,0,53.4,12.44,732723,110156954,20327611.5
476,2022,4,22,17.6,3.4,0,74.4,25.96,732645,99649430.45,18617994.06
477,2022,4,23,19.5,7.9,0,75,19.26,732572,97340558.74,16364054.5
478,2022,4,24,20.7,2.1,0,75.8,26.62,732573,97831712.09,18023142.88
479,2022,4,25,19.7,9.1,24.4,80.4,15.82,732574,99566540.06,16346147.57
480,2022,4,26,17.8,7.8,5.8,99,4.17,732584,90742530.24,15943062.88
481,2022,4,27,16.9,5.1,0,54.3,25.1,732396,110711811.9,20416562.51
482,2022,4,28,16.8,6.1,0,65.9,21.54,732159,128243897.5,19217175.07
483,2022,4,29,14.2,9.3,15.5,84.8,16.07,731899,87899207.64,17188119.82
484,2022,4,30,13.4,8.4,0,74.3,13.17,731726,109469522.4,15846468.4
485,2022,5,1,13.6,2.3,0,54.5,29.33,731420,77660556.86,17323744.53
486,2022,5,2,13.9,2.6,0,52.8,27.77,731465,81392252.47,16751473.55
487,2022,5,3,14.4,0,0,50.4,29.51,731500,91001258.54,18079217.06
488,2022,5,4,17,0,0,55.4,28.87,730920,100002145.3,19117214.77
489,2022,5,5,19,0,0,62.6,29.73,730562,73823641.22,14644191.46
490,2022,5,6,20.7,0.9,0,64.6,28.53,730178,84832382.18,16320089.19
491,2022,5,7,18.2,2.3,0,66.1,25.29,730178,85585733.14,17822936.33
492,2022,5,8,17.4,6.5,0,56.8,25.56,729738,117424393.9,15907444.53
493,2022,5,9,17.3,7.8,0,72.5,13.1,729717,70906861.87,15267045.12
494,2022,5,10,18.4,8.6,0,57.1,22.45,729778,77695533.6,16217835.2
495,2022,5,11,20.8,8.3,0,58.6,20.43,729642,80237014.15,16819271.62
496,2022,5,12,21.1,8.9,0,63.9,14.51,729362,68088661.99,14867617.14
497,2022,5,13,17.9,8.1,0,68.9,7.13,729172,82605733.85,15995986.66
498,2022,5,14,16.4,4.4,0,41.5,28.25,729108,84342901.61,18277812.08
499,2022,5,15,16,5.4,0,38.9,29.78,729030,82924713.41,16202312.51
500,2022,5,16,17.4,1.4,0,40.9,29.77,728980,136076916.7,13708734.89
501,2022,5,17,19.9,0.8,0,51.5,28.28,728966,81576865.18,16632519.79
502,2022,5,18,21.6,0.9,0,43.6,27.98,728814,78535354.51,17143529.28
503,2022,5,19,20.7,7.8,0,41.3,18.85,728560,82718178.77,16576428.82
504,2022,5,20,20.2,8.3,0,60.1,18,728581,81774319.3,17849664.46
505,2022,5,21,20.7,0.3,0,69.6,29.2,728271,52497040.15,13077450.46
506,2022,5,22,21.8,0.5,0,70.5,28.17,728081,66746881.06,14675779.3
507,2022,5,23,22.6,4,0,61,25.15,728065,66124760.45,14399300.56
508,2022,5,24,22.9,0,0,52.8,28.78,728085,91721395.99,14490741.19
509,2022,5,25,22.3,4,0,62.3,26.47,727864,93076026.36,19745034.08
510,2022,5,26,20.5,3.5,0.4,58.3,30,727557,78747246.29,13422363.88
511,2022,5,27,20.8,0,0,66,30.14,727124,68023706.02,12317310.6
512,2022,5,28,22.3,6,0,61.1,23.31,727142,80958681.34,13800500.92
513,2022,5,29,22,5.5,0,67.4,28.96,726903,63292102.82,12606955.5
514,2022,5,30,19.8,9,0,92,6.58,726818,55045235.66,11327114.62
515,2022,5,31,22.1,1.6,0,47.9,30.61,726818,51347936.35,10389815.95
516,2022,6,1,23.6,4.1,0,45.3,29.83,726818,34283320.58,9556650.14
517,2022,6,2,22.7,1.8,0,75,29.27,726086,88640039.45,14337303.86
518,2022,6,3,24.8,1.5,0,64.4,28.19,726098,80853473.33,18408364.6
519,2022,6,4,24.7,7.1,0,49.6,24.63,725759,73309707.46,17415336.74
520,2022,6,5,18.3,9.9,22.2,94,4.77,725475,66062490.53,12368035.6
521,2022,6,6,20.2,7,0,86.8,17.01,725442,67812595.78,14303833.91
522,2022,6,7,19.1,8.6,7.1,87.9,16.61,725445,156323122.9,18929507.3
523,2022,6,8,19.5,7.6,3.2,85.3,13.13,725438,99148674.38,15389874.51
524,2022,6,9,21.6,4.4,0,77,26.03,724978,86639729.4,13653046.99
525,2022,6,10,22.4,5.5,0,72.3,20.67,724558,88454015.5,16633358.06
526,2022,6,11,23,4.3,0,77.6,25.65,724220,76290046.54,17684223.7
527,2022,6,12,22.6,5.8,0.1,85.6,16.49,723573,84930079.08,18776373.5
528,2022,6,13,22,9.4,0,71,12.59,723351,99340814.5,17767854.3
529,2022,6,14,18.8,8.4,1.1,91.6,10.6,723414,77471236.9,15432156.83
530,2022,6,15,21.3,6.5,2.1,88.5,17.25,723058,54951003.43,10835209.96
531,2022,6,16,23.3,4.8,0,72.6,23.57,723033,74654806.92,15323802.67
532,2022,6,17,23.8,6.8,3.3,86.6,17.86,722692,287783795.5,19557199.21
533,2022,6,18,24.9,5,1.3,82.6,25.93,722518,139777980.4,16788026.37
534,2022,6,19,25.7,6.5,0,85.1,21.35,722140,70479378,15048708.62
535,2022,6,20,26.3,6,24.3,85,27.24,722140,99634451.69,20626706.22
536,2022,6,21,26.7,6.5,0,85.5,23.26,722031,92906205.82,21194983.74
537,2022,6,22,27,3,0,80,28.66,722010,191621095.4,23212755.22
538,2022,6,23,25.5,8.9,28.7,96,9.89,722047,81475072.42,17959411.52
539,2022,6,24,24.6,7.8,27.2,95.1,13.61,721642,77815045.58,16873623.59
540,2022,6,25,26.5,5.9,0,91.3,19.45,721739,100314014.1,15535683.1
541,2022,6,26,27.3,7.4,0,91.4,15.73,721366,66526600.3,14127595.51
542,2022,6,27,27.3,8.3,0.9,92.6,10.5,721333,73471547.62,15720956.5
543,2022,6,28,27.7,8.8,0,87,12.84,721482,76005022.7,17472472.47
544,2022,6,29,26.5,9.9,8.5,98.1,12.99,721541,117538752.7,14796992.57
545,2022,6,30,27.1,7.3,1.7,93.4,15.13,721561,81353702.52,19412984.43
546,2022,7,1,28.2,2,0,76.5,26.18,721629,84570058.18,20330194.7
547,2022,7,2,28.5,3.6,0,76.6,25.54,721679,66141897.91,16821818.46
548,2022,7,3,28.9,5.8,0,74.5,19.43,721499,101440915.6,21335399.22
549,2022,7,4,27.2,7.9,2.1,91,15.14,721333,101433698.6,22226321.58
550,2022,7,5,27.4,8.1,7.3,93.1,16.95,721794,74742263.57,16796354.86
551,2022,7,6,29.1,7.1,0,84,23.23,722085,91173619.68,21863598.97
552,2022,7,7,28.8,6.5,4.9,88.1,18.66,722328,118488851.9,21825509.51
553,2022,7,8,26.6,6.6,4.8,96.5,9.62,722407,113219983.7,22035589.77
554,2022,7,9,27,6.3,0,88.1,18.49,722560,84044847.26,18340245.64
555,2022,7,10,28.2,6.3,0,85.5,21.65,722397,95905009.8,23356691.44
556,2022,7,11,27.1,7.9,14.3,92.5,14.03,722341,88568489.4,18703829.4
557,2022,7,12,27.4,8.3,0,91,19.42,722473,90815324.9,15259439.39
558,2022,7,13,26,9.3,0,92.6,10.49,722637,207836429,18785791.22
559,2022,7,14,27.3,7.1,13,88.9,23.22,722952,333793553.3,27734951.98
560,2022,7,15,27,4.4,0,79.6,24.61,723190,81399532.25,19238238.87
561,2022,7,16,26.5,6.4,0,80.4,26.67,723273,100556172.8,18345691.59
562,2022,7,17,26.4,9.4,0,93.6,12.26,723017,99102511.99,18596381.97
563,2022,7,18,23.7,8.9,54.1,99,3.79,722923,77839750.56,16796004.48
564,2022,7,19,26.2,7.1,0.7,88,24.28,722887,81662155.9,17950476.82
565,2022,7,20,27.2,6.9,0.8,81.6,24.49,722951,73785212.54,14829007.05
566,2022,7,21,24.6,8.4,3.8,96,9.01,723083,77001721.08,18286220.53
567,2022,7,22,25.1,4.6,0,88.1,14.77,723296,308672681.7,16995721.03
568,2022,7,23,25.1,8.8,22.6,90.6,13.31,723709,81558154.7,17514121.3
569,2022,7,24,23.9,9,14.2,99,5.4,723407,87999951.74,20815474.68
570,2022,7,25,26.7,5.4,0,88.6,18.99,723389,68131615.39,14380682.07
571,2022,7,26,27.3,5.5,0,86.6,17.56,724075,81391241.88,16282864.59
572,2022,7,27,27.3,5.3,0,80,25.54,724520,48623054.57,11455751.74
573,2022,7,28,28.5,2.5,0,79.3,27.23,725075,63777183.72,13874046.82
574,2022,7,29,30.3,2.5,0,76.1,23.25,725549,51855451.25,11682412.8
575,2022,7,30,28.5,7.1,0,84.1,11.24,726210,57070578.91,12765163.91
576,2022,7,31,26.4,9.6,26.4,97.8,7.62,725990,36146511.55,10630383.85
577,2022,8,1,27.6,7.5,1.5,98.4,10,725956,56261297.26,14711017.32
578,2022,8,2,28,7.3,1.7,95.3,15.1,726004,48264816.67,12517784.55
579,2022,8,3,27.9,7.4,11.4,97.3,16.36,725603,57521087.81,14468728.3
580,2022,8,4,29,5.3,0,90.6,21.88,725330,73311657.67,17770106.03
581,2022,8,5,29,6.4,0,93.3,15.4,726144,90017305.3,20171824.22
582,2022,8,6,29.9,6.9,0,91.4,19.79,727226,71611087.3,16640352.98
583,2022,8,7,29.9,5.9,0,89,22.59,726824,79288436.93,15836525.28
584,2022,8,8,28.8,7.9,0,90.9,16.7,726742,55887014.11,14851225.53
585,2022,8,9,28.7,8.5,0,91.1,16.85,727802,81210379.97,18124498.05
586,2022,8,10,28.3,9,0,93.5,11.8,728696,60795289.73,14093544.13
587,2022,8,11,26.3,9.6,9.1,99,3.46,729509,86053193.95,14016939.48
588,2022,8,12,27.9,8.1,0.5,91.1,17.12,729664,48532641.12,11574524.03
589,2022,8,13,27.9,7.4,0.1,95.6,13.48,730697,52261236.79,11884870.54
590,2022,8,14,29.4,7.3,0,89.1,21.5,730856,47181604.08,13390326.11
591,2022,8,15,29.4,8.4,0,89.6,20.37,730852,84068744.54,17070653.68
592,2022,8,16,26.5,9.8,17,98.9,5.98,730818,59821257.31,14304453
593,2022,8,17,26,6.6,0.1,94,1.25,730893,409183172.7,17242284.95
594,2022,8,18,26.1,4,0,83,0,731641,97020536.64,16212877.74
595,2022,8,19,27.4,7.9,0,92.9,16.29,732516,77072497.87,14223449.11
596,2022,8,20,26.6,6.5,32.2,98.4,6.61,733189,48950144.93,11896896.87
597,2022,8,21,27.4,7.5,0,90.4,18.1,732751,41016840.58,11247943.92
598,2022,8,22,28,7.1,0,81,24.87,732609,85225084.66,14863569.29
599,2022,8,23,26.5,9.9,24.7,97.5,6.33,733082,58607822.35,12980801.45
600,2022,8,24,25.7,7.4,2.4,89.3,15.35,733808,56357821.32,15321549.15
601,2022,8,25,24.9,6.1,0,77.8,21.67,734136,159396909.2,16878708.79
602,2022,8,26,24.5,3.9,0,71.3,26.29,734586,99991210.32,15647034.83
603,2022,8,27,22.8,4.3,0,75.5,18.73,734586,65591167.97,14942972.07
604,2022,8,28,22.9,5.8,0,67,22.23,734586,159475939.5,19013522.82
605,2022,8,29,21.7,7.5,0,88.4,7.12,735257,96319584.19,14268765.31
606,2022,8,30,24.8,9.1,1.3,96.5,7.92,735873,95442316.46,13954178.31
607,2022,8,31,23,8.8,4.4,92.9,13.16,736117,66152777.9,14319041.74
608,2022,9,1,22.6,8.3,0,94.1,9.52,736772,59561282.14,13187149.74
609,2022,9,2,23.1,8.6,0,88.3,12.6,737238,50974127.93,13486542.43
610,2022,9,3,24.9,8.4,0,86.8,13.49,737526,61227498.29,15010440.49
611,2022,9,4,26.5,9.3,3.5,89.4,15.8,737300,39281590.97,10809189.59
612,2022,9,5,24,10,50.7,99,2.82,737304,59734911.14,12846982.54
613,2022,9,6,21.5,5.3,32.8,89.8,13.83,739974,60454981.66,12712536.88
614,2022,9,7,22.2,2.8,0,77.6,24.72,739974,111612412.6,18754004.74
615,2022,9,8,23,4.6,0,73.9,19.95,741532,109978094.7,16001757.56
616,2022,9,9,24.1,5.8,0,74.8,10.58,742234,60268442.21,13730207.77
617,2022,9,10,22.6,8,0,85,14.03,742030,63685912.01,13629111.14
618,2022,9,11,24.1,6.4,0,81.8,18.74,742044,55180925.78,13191472.14
619,2022,9,12,23.1,10,2,98.9,6.65,741996,72298026.86,15752077.23
620,2022,9,13,24.3,10,0.2,90,7.66,742004,74953180.78,16876979.02
621,2022,9,14,25.3,5.9,0,68.4,18.01,742826,70394772.65,12542343.59
622,2022,9,15,26.5,4.8,0,72.5,21.2,743697,98727565.68,17241953.34
623,2022,9,16,26.8,6,0,82.5,17.34,744428,98507951.28,15758843.74
624,2022,9,17,27.9,7.4,0,75.8,21.17,745103,92667840.67,15891483.66
625,2022,9,18,28.7,8.3,0,71,18.39,744929,85345841.09,18423195.7
626,2022,9,19,25.4,5.3,0,66.3,20.84,744923,94276695.65,17129473.32
627,2022,9,20,20.8,4.4,0,62.5,15.92,745837,91394073.5,15034143.36
628,2022,9,21,20.1,3.6,0,61.5,18.56,746614,102941702,17814286.51
629,2022,9,22,20.3,5,0,60.6,21.06,746954,93695587.99,18178461.59
630,2022,9,23,19.5,5.4,0,69.1,19.28,747494,115919317.6,18578378.38
631,2022,9,24,19.1,5.8,0,59.3,22.1,748045,91084893.74,15172897.98
632,2022,9,25,20,8.9,0,64.3,13.74,747629,71192957.47,12508127.59
633,2022,9,26,19.8,9,0,71.8,9.6,747623,71756842.63,13343640.98
634,2022,9,27,21.7,1.8,0,68.5,21.59,748659,62384727.91,12405454.02
635,2022,9,28,21.1,7.5,0,76.8,11.42,748976,77907769.25,13685755.21
636,2022,9,29,20.9,0,0,67.5,21.74,749264,92127820.9,14980482.36
637,2022,9,30,21.7,0.4,0,66.9,20.81,748820,59984587.42,13920560.44
638,2022,10,1,22.9,2.9,0,64.1,19.66,750470,98189386.2,14849406.13
639,2022,10,2,23.6,7.3,0,67.6,18.92,750072,76103337.65,13748189.08
640,2022,10,3,26.1,9.6,0,79.6,8.6,750048,69600940.68,13381200.14
641,2022,10,4,19.5,9.6,33.4,86.1,6.35,750048,76037380.01,15243654.06
642,2022,10,5,16.9,6.9,0,63.5,19.48,750322,51355916.62,12859034.52
643,2022,10,6,17.1,8.5,0,69.1,14.76,750547,79408906.39,15760184.38
644,2022,10,7,16.3,6.1,0,61.3,16.92,751274,66057645.38,15426787.83
645,2022,10,8,16.7,6.4,0,63.8,12.31,751805,109799883.5,18428656.69
646,2022,10,9,14.5,10,2.3,88.9,5.14,751377,105593497.4,22029656.96
647,2022,10,10,12.8,7.1,2.2,74.4,12.61,751339,85877071.7,14963591.85
648,2022,10,11,13.9,1.8,0,66.5,19.2,751324,60510379.78,11683111.25
649,2022,10,12,14.7,0,0,66.6,0,752096,56064006.67,12417645.54
650,2022,10,13,17.1,0.9,0,67.5,15.63,752894,68967415.8,12912564.49
651,2022,10,14,17.5,3.8,0,73.6,17.69,753970,99825912.53,14905674.17
652,2022,10,15,18.5,1.9,0,76.9,17.51,755135,98162408.98,13155844.16
653,2022,10,16,18.1,3.5,0,73.8,16.13,754970,62037455.5,14140921.55
654,2022,10,17,14.4,3.4,0,47.1,18.33,754927,134166671.8,12690215.01
655,2022,10,18,11.1,0,0,42.6,18.73,755785,73341129.1,13539009.79
656,2022,10,19,11.3,0,0,56.8,18.14,756710,136917752.6,12963829.81
657,2022,10,20,13.9,1.8,0,50.6,18.1,757623,62399472.7,12608671.99
658,2022,10,21,14.8,8.9,0,71.9,10.13,758461,59191252.78,12550463.52
659,2022,10,22,17.3,3.1,0.4,69.8,16.56,759133,86602768.58,15580330.9
660,2022,10,23,14.7,1.8,0,62.8,16.25,758895,81488719.39,13792130.65
661,2022,10,24,11.6,0.5,0,46.5,17.39,758770,63253412.95,13457882.1
662,2022,10,25,11.6,0,0,46.3,16.83,758763,89413426.97,14216419
663,2022,10,26,13.6,6.4,0,49,13.85,761305,105244473,15061180.54
664,2022,10,27,15.1,2.1,0,56,15.97,762113,61234026.53,13106388.74
665,2022,10,28,14.7,0,0,71.5,15.32,763283,75810231.31,11487137.53
666,2022,10,29,15.1,3.4,0,66,12.59,764051,79008401.81,12121779.07
667,2022,10,30,15.9,2.5,0,65,15.41,763429,68970811.78,13829337.81
668,2022,10,31,15.4,2.4,0,65.9,15.06,763387,81772545.29,14521871.87
669,2022,11,1,14.5,0,0,74.8,14.38,764514,67265469.82,13986739.02
670,2022,11,2,13,0,0,65,15.25,765248,221085749.8,16372424.56
671,2022,11,3,12.2,2.5,0,56.9,13.99,766325,56097106.32,12768354.26
672,2022,11,4,8.9,3,0,43.9,15.39,767336,144425153.8,11697630.26
673,2022,11,5,9.1,0.5,0,43.6,15.6,768244,63412395.29,12794205.77
674,2022,11,6,9.7,1.5,0,62.1,14.28,768030,74060295.53,13111226.03
675,2022,11,7,11.4,0.6,0,60.5,13.3,767971,75721233.67,14814433.21
676,2022,11,8,12.1,1,0,65.4,13.75,768646,104212141.7,13596317.79
677,2022,11,9,12.4,2.9,0,59.6,13.27,769556,55233460.06,11181206.79
678,2022,11,10,15,2.6,0,50.6,12.83,770366,206606999,13321260.48
679,2022,11,11,16.7,2,0,56.4,12.72,770889,67125305.69,12964657.26
680,2022,11,12,18.5,7.1,21.1,79.6,9.77,771411,63725130.07,11545039.68
681,2022,11,13,11.6,9.3,10.5,79.1,3.95,771036,47186485.27,10578613.77
682,2022,11,14,10.7,6.6,0,70,9.47,771016,68941712.57,12860473.35
683,2022,11,15,9.5,0.3,0,64.4,12.78,772333,42709974.22,10509845.18
684,2022,11,16,10.8,3.8,0,62.4,12.89,774458,66495731.45,13052197.33
685,2022,11,17,11.3,3,0,50.8,13.53,775808,67800738.26,15349595.18
686,2022,11,18,11.8,0,0,50.9,14.13,776065,55609740.82,11193980.26
687,2022,11,19,13.5,3.3,0,50.1,12.62,777580,54610306.56,11568073
688,2022,11,20,13.6,5.9,0.4,77.9,6.13,777551,50722245.74,10371749.74
689,2022,11,21,12.6,5.5,0,74.9,8.58,777536,146136936.7,13883899.41
690,2022,11,22,12.5,10,1.9,78,3.76,778688,93786621.72,15626130.64
691,2022,11,23,11.9,4.5,0.8,70.8,11.27,779457,100415789.9,13384650.12
692,2022,11,24,11,4.3,0,60.9,11.17,780615,80418684.02,14557564.36
693,2022,11,25,11.6,4.5,0,62.6,11.54,781560,45331547.11,11103412.18
694,2022,11,26,11.1,1.8,0,52.4,12.2,781464,61981311.43,12169330.43
695,2022,11,27,9.7,4.3,0,39.6,11.45,781511,64009065.12,12998991
696,2022,11,28,15.6,7.5,4.8,87.4,3.63,781514,73221705.82,14071416.64
697,2022,11,29,11.3,9.8,7.2,69.3,3.71,781807,59562935.62,12740779.3
698,2022,11,30,0.5,8.8,0,49.3,9.41,782405,52253862.55,11724324.36
699,2022,12,1,0.2,6.4,0,41.8,11.31,783153,50985853.82,12564512.52
700,2022,12,2,2.2,3.1,0,43.6,13.07,786186,108371467.6,15839575.49
701,2022,12,3,5.6,8.3,0,60.9,6.4,787385,58186359.91,13159442.98
702,2022,12,4,2.4,6.9,0,36.1,8.78,787385,85610475.65,12458424.04
703,2022,12,5,0.7,4.4,0,30,10.14,787385,96653148.98,12957755.36
704,2022,12,6,3.3,4.4,0,44.4,10.55,787218,79764866.83,15165769.45
705,2022,12,7,5.5,1.4,0,53.8,11.77,790077,55047470.47,13167742.54
706,2022,12,8,6.5,5.1,0,55.1,11.37,791280,38280027.91,10559891.41
707,2022,12,9,7.4,4.9,0,62.4,6.98,792285,37906062.91,8927138.34
708,2022,12,10,5.1,6.3,0,66.3,4.73,793373,28411397.33,8332908.76
709,2022,12,11,5.1,2,0,50.1,11.91,793298,28726645.58,7956653.41
710,2022,12,12,3.8,7.4,0,66,5.82,793329,45516999.17,10004384.45
711,2022,12,13,5.1,7,0.5,57.9,6.66,794050,46848187.68,10746430.67
712,2022,12,14,-2.3,3,1.7,63.9,12.13,795534,61356364.37,9981755.58
713,2022,12,15,1.3,6.3,0.1,61.3,10.98,795815,45112056.67,9775442.19
714,2022,12,16,0.4,8.1,0,39.9,8.64,796311,45394132.3,11309669.8
715,2022,12,17,-2.2,6.3,2.9,57.6,5.56,797038,43888798.42,10425747.2
716,2022,12,18,-5,5.6,4.6,72.8,6.08,796975,43194033.5,9978218.91
717,2022,12,19,-2.9,3.8,0.1,74.6,9.43,796940,35849768.21,10169089.74
718,2022,12,20,0.8,3,0,74.4,12.47,797097,44317092.43,9832706.99
719,2022,12,21,2.6,8.1,4.2,90.4,3.28,799844,43434313.39,11573044.8
720,2022,12,22,-1.5,8.3,2.5,78.4,2.94,799983,42407068.08,11527319.54
721,2022,12,23,-4.1,8,13.9,88.4,1.32,799900,46224068.57,10560015.07
722,2022,12,24,-5,3.4,0.1,75.8,7.5,799877,58763001.1,12851421.38
723,2022,12,25,-2.7,4.1,0,76.9,9.7,799864,65045114.04,13222843.69
724,2022,12,26,-0.6,2.6,0,78.8,10.04,799870,56045364.31,12063284.26
725,2022,12,27,0.3,1.8,0,74.1,13.08,800308,31743683.54,9442942.4
726,2022,12,28,-0.2,5.3,0,75.4,9.62,802036,32641190.23,9679363.18
727,2022,12,29,0.7,2.1,0,63.3,12.25,803784,58820056.15,11754265.48
728,2022,12,30,1,6.3,0,70.4,9.25,805066,52733978.57,12149583.1
729,2022,12,31,1.4,1.4,0,66.1,12.02,805564,44225974.1,11472992.97
